run_dir,data,model,experiment,seed,probe_acc,probe_acc_seen,novel_mean_embed_dist,gen_mse,gen_nmse,gen_median_se,gen_rmse,gen_acc,gen_nll,finite_fraction,target_var,n_train_episodes,n_test_episodes,n_test_episodes_used,n_test_ood
outputs/droid_lowdim_full_10x_suite_20260501/droid_lowdim_full_10x__inr_diffusion_history_conditioned__specialization__s1,droid_lowdim_full_10x,inr_diffusion_history_conditioned,specialization,1,0.8125,0.8125,nan,0.29909151792526245,0.3017373595917966,0.058785196393728256,0.5468926018198293,,,1.0,0.991231309009552,411,16,16,16
outputs/droid_lowdim_full_10x_suite_20260501/droid_lowdim_full_10x__inr_transformer_fitted_latent__novel_generalization__s0,droid_lowdim_full_10x,inr_transformer_fitted_latent,novel_generalization,0,0.3217391304347826,0.4157303370786517,0.0005230770329944789,0.15287722647190094,0.11727812934586183,0.05817338079214096,0.3909951744867204,,,1.0,1.303544210029602,76,115,115,0
outputs/droid_lowdim_full_10x_suite_20260501/droid_lowdim_full_10x__inr_diffusion_history_conditioned__no_shift__s1,droid_lowdim_full_10x,inr_diffusion_history_conditioned,no_shift,1,0.8539325842696629,0.8539325842696629,nan,0.2516202926635742,0.29053447929153525,0.031711921095848083,0.5016176757886172,,,1.0,0.8660600052604676,411,89,89,0
outputs/droid_lowdim_full_10x_suite_20260501/droid_lowdim_full_10x__cvae__new_policy__s0,droid_lowdim_full_10x,cvae,new_policy,0,0.6347826086956522,0.8202247191011236,2.532433032989502,0.07509423047304153,0.0712783341535703,0.02526569738984108,0.27403326526726923,,,1.0,1.053535150123596,411,115,115,0
outputs/droid_lowdim_full_10x_suite_20260501/droid_lowdim_full_10x__inr_diffusion_history_conditioned__conflation__s1,droid_lowdim_full_10x,inr_diffusion_history_conditioned,conflation,1,0.9318181818181818,0.9318181818181818,nan,0.23801150918006897,0.29031255829736763,0.015066822990775108,0.48786423232295784,,,1.0,0.8198457227478028,202,44,44,3
outputs/droid_lowdim_full_10x_suite_20260501/droid_lowdim_full_10x__inr_diffusion_history_conditioned__single_shift__s1,droid_lowdim_full_10x,inr_diffusion_history_conditioned,single_shift,1,0.7954545454545454,0.7954545454545454,nan,0.2728884816169739,0.29368301268331665,0.03642892837524414,0.5223872908264269,,,1.0,0.9291939602622986,411,44,44,3
outputs/droid_lowdim_full_10x_suite_20260501/droid_lowdim_full_10x__inr_transformer_infer_latent_maml__new_policy__s1,droid_lowdim_full_10x,inr_transformer_infer_latent_maml,new_policy,1,0.5652173913043478,0.7303370786516854,2.9479668228304945e-05,0.07405035197734833,0.08763918893563731,0.02629534900188446,0.27212194321176736,,,1.0,0.8449456558952332,411,115,115,0
outputs/droid_lowdim_full_10x_suite_20260501/droid_lowdim_full_10x__cvae__conflation__s1,droid_lowdim_full_10x,cvae,conflation,1,0.9318181818181818,0.9318181818181818,nan,0.07301189750432968,0.08905565459269862,0.02112770639359951,0.2702071381446643,,,1.0,0.8198457227478028,202,44,44,3
outputs/droid_lowdim_full_10x_suite_20260501/droid_lowdim_full_10x__inr_transformer_fitted_latent__specialization__s1,droid_lowdim_full_10x,inr_transformer_fitted_latent,specialization,1,0.625,0.625,nan,0.0771985799074173,0.07788149870342057,0.024365555495023727,0.27784632426472244,,,1.0,0.991231309009552,411,16,16,16
outputs/droid_lowdim_full_10x_suite_20260501/droid_lowdim_full_10x__inr_transformer_history_conditioned__novel_generalization__s0,droid_lowdim_full_10x,inr_transformer_history_conditioned,novel_generalization,0,0.3391304347826087,0.43820224719101125,6.310540199279785,0.14642898738384247,0.11233143169000553,0.05248278006911278,0.38266040738994994,,,1.0,1.303544210029602,76,115,115,0
outputs/droid_lowdim_full_10x_suite_20260501/droid_lowdim_full_10x__inr_transformer_history_conditioned__specialization__s0,droid_lowdim_full_10x,inr_transformer_history_conditioned,specialization,0,0.5625,0.5625,nan,0.011677999049425125,0.013908747196670148,0.0008422983810305595,0.10806479097941718,,,1.0,0.8396154509315491,411,16,16,16
outputs/droid_lowdim_full_10x_suite_20260501/droid_lowdim_full_10x__inr_transformer_history_conditioned__conflation__s0,droid_lowdim_full_10x,inr_transformer_history_conditioned,conflation,0,0.9318181818181818,0.9318181818181818,nan,0.023057373240590096,0.020470754836305928,0.0016536314506083727,0.1518465450400176,,,1.0,1.126356767250061,202,44,44,3
outputs/droid_lowdim_full_10x_suite_20260501/droid_lowdim_full_10x__inr_transformer_infer_latent_maml__no_shift__s1,droid_lowdim_full_10x,inr_transformer_infer_latent_maml,no_shift,1,0.7303370786516854,0.7303370786516854,nan,0.0770518109202385,0.08896821288620199,0.02702721580862999,0.2775820796093265,,,1.0,0.8660600052604676,411,89,89,0
outputs/droid_lowdim_full_10x_suite_20260501/droid_lowdim_full_10x__inr_transformer_infer_latent_maml__novel_generalization__s1,droid_lowdim_full_10x,inr_transformer_infer_latent_maml,novel_generalization,1,0.391304347826087,0.5056179775280899,7.389405072899535e-05,0.1340916007757187,0.1169982808230361,0.057376597076654434,0.36618520010469935,,,1.0,1.1460988984832763,76,115,115,0
outputs/droid_lowdim_full_10x_suite_20260501/droid_lowdim_full_10x__inr_transformer_infer_latent_maml__generalization__s0,droid_lowdim_full_10x,inr_transformer_infer_latent_maml,generalization,0,0.47191011235955055,0.47191011235955055,nan,0.16074705123901367,0.12093673163109209,0.06532318890094757,0.400932726575187,,,1.0,1.3291830287704467,76,89,89,0
outputs/droid_lowdim_full_10x_suite_20260501/droid_lowdim_full_10x__inr_diffusion_history_conditioned__conflation__s0,droid_lowdim_full_10x,inr_diffusion_history_conditioned,conflation,0,0.9318181818181818,0.9318181818181818,nan,0.30236005783081055,0.26844075218636654,0.03530142828822136,0.5498727651291802,,,1.0,1.126356767250061,202,44,44,3
outputs/droid_lowdim_full_10x_suite_20260501/droid_lowdim_full_10x__inr_transformer_fitted_latent__generalization__s1,droid_lowdim_full_10x,inr_transformer_fitted_latent,generalization,1,0.48314606741573035,0.48314606741573035,nan,0.13907769322395325,0.11912548703525502,0.057841990143060684,0.3729312178189877,,,1.0,1.1674889789352416,76,89,89,0
outputs/droid_lowdim_full_10x_suite_20260501/droid_lowdim_full_10x__cvae__single_shift__s1,droid_lowdim_full_10x,cvae,single_shift,1,0.75,0.75,nan,0.07607177644968033,0.08186856534044444,0.024661721661686897,0.2758111245937704,,,1.0,0.9291939602622986,411,44,44,3
outputs/droid_lowdim_full_10x_suite_20260501/droid_lowdim_full_10x__inr_transformer_infer_latent_maml__novel_generalization__s0,droid_lowdim_full_10x,inr_transformer_infer_latent_maml,novel_generalization,0,0.3739130434782609,0.48314606741573035,0.00010775770351756364,0.15542322397232056,0.11923126410019579,0.06314793974161148,0.39423752227853776,,,1.0,1.303544210029602,76,115,115,0
outputs/droid_lowdim_full_10x_suite_20260501/droid_lowdim_full_10x__inr_transformer_history_conditioned__conflation__s1,droid_lowdim_full_10x,inr_transformer_history_conditioned,conflation,1,0.9545454545454546,0.9545454545454546,nan,0.01540543045848608,0.01879064564349143,0.001782523817382753,0.1241186144721495,,,1.0,0.8198457227478028,202,44,44,3
outputs/droid_lowdim_full_10x_suite_20260501/droid_lowdim_full_10x__inr_transformer_history_conditioned__new_policy__s0,droid_lowdim_full_10x,inr_transformer_history_conditioned,new_policy,0,0.6260869565217392,0.8089887640449438,3.6994593143463135,0.01809821091592312,0.017178554425829946,0.0010404818458482623,0.13452959122781544,,,1.0,1.053535150123596,411,115,115,0
outputs/droid_lowdim_full_10x_suite_20260501/droid_lowdim_full_10x__inr_transformer_fitted_latent__single_shift__s0,droid_lowdim_full_10x,inr_transformer_fitted_latent,single_shift,0,0.6363636363636364,0.6363636363636364,nan,0.08867158740758896,0.07047703889378035,0.028442997485399246,0.2977777483419286,,,1.0,1.2581627832183837,411,44,44,3
outputs/droid_lowdim_full_10x_suite_20260501/droid_lowdim_full_10x__inr_transformer_history_conditioned__no_shift__s1,droid_lowdim_full_10x,inr_transformer_history_conditioned,no_shift,1,0.7865168539325843,0.7865168539325843,nan,0.014653323218226433,0.01691952420065795,0.0010198120726272464,0.12105091167862567,,,1.0,0.8660600052604676,411,89,89,0
outputs/droid_lowdim_full_10x_suite_20260501/droid_lowdim_full_10x__inr_transformer_infer_latent_maml__single_shift__s0,droid_lowdim_full_10x,inr_transformer_infer_latent_maml,single_shift,0,0.6818181818181818,0.6818181818181818,nan,0.09242463856935501,0.07346000040863754,0.029779836535453796,0.30401420784127015,,,1.0,1.2581627832183837,411,44,44,3
outputs/droid_lowdim_full_10x_suite_20260501/droid_lowdim_full_10x__cvae__single_shift__s0,droid_lowdim_full_10x,cvae,single_shift,0,0.8181818181818182,0.8181818181818182,nan,0.07883270829916,0.06265700221835026,0.025204192847013474,0.28077163015368917,,,1.0,1.2581627832183837,411,44,44,3
outputs/droid_lowdim_full_10x_suite_20260501/droid_lowdim_full_10x__cvae__new_policy__s1,droid_lowdim_full_10x,cvae,new_policy,1,0.6608695652173913,0.8539325842696629,3.1908488273620605,0.0696602463722229,0.08244346353661855,0.024058207869529724,0.2639322761092756,,,1.0,0.8449456558952332,411,115,115,0
outputs/droid_lowdim_full_10x_suite_20260501/droid_lowdim_full_10x__cvae__conflation__s0,droid_lowdim_full_10x,cvae,conflation,0,0.9318181818181818,0.9318181818181818,nan,0.07495235651731491,0.06654406374305988,0.023787077516317368,0.27377428023339756,,,1.0,1.126356767250061,202,44,44,3
outputs/droid_lowdim_full_10x_suite_20260501/droid_lowdim_full_10x__inr_diffusion_history_conditioned__no_shift__s0,droid_lowdim_full_10x,inr_diffusion_history_conditioned,no_shift,0,0.8426966292134831,0.8426966292134831,nan,0.2784191071987152,0.25806879389659876,0.04339907690882683,0.5276543444327121,,,1.0,1.0788561568984985,411,89,89,0
outputs/droid_lowdim_full_10x_suite_20260501/droid_lowdim_full_10x__inr_transformer_infer_latent_maml__specialization__s1,droid_lowdim_full_10x,inr_transformer_infer_latent_maml,specialization,1,0.4375,0.4375,nan,0.07249109447002411,0.07313236962062661,0.024197762832045555,0.2692417026948539,,,1.0,0.991231309009552,411,16,16,16
outputs/droid_lowdim_full_10x_suite_20260501/droid_lowdim_full_10x__inr_diffusion_history_conditioned__generalization__s1,droid_lowdim_full_10x,inr_diffusion_history_conditioned,generalization,1,0.42696629213483145,0.42696629213483145,nan,0.18852874636650085,0.16148224931291466,0.03236428648233414,0.43419897094131954,,,1.0,1.1674889789352416,76,89,89,0
outputs/droid_lowdim_full_10x_suite_20260501/droid_lowdim_full_10x__inr_diffusion_history_conditioned__novel_generalization__s0,droid_lowdim_full_10x,inr_diffusion_history_conditioned,novel_generalization,0,0.4,0.5168539325842697,2.023008346557617,0.2010331153869629,0.15422040452498167,0.03829001262784004,0.4483671658216766,,,1.0,1.303544210029602,76,115,115,0
outputs/droid_lowdim_full_10x_suite_20260501/droid_lowdim_full_10x__cvae__generalization__s1,droid_lowdim_full_10x,cvae,generalization,1,0.5393258426966292,0.5393258426966292,nan,0.10461151599884033,0.08960385741221026,0.04449407383799553,0.3234370356017386,,,1.0,1.1674889789352416,76,89,89,0
outputs/droid_lowdim_full_10x_suite_20260501/droid_lowdim_full_10x__inr_transformer_fitted_latent__no_shift__s0,droid_lowdim_full_10x,inr_transformer_fitted_latent,no_shift,0,0.7528089887640449,0.7528089887640449,nan,0.08288512378931046,0.07682685338478214,0.027928849682211876,0.2878977662110466,,,1.0,1.0788561568984985,411,89,89,0
outputs/droid_lowdim_full_10x_suite_20260501/droid_lowdim_full_10x__inr_diffusion_history_conditioned__specialization__s0,droid_lowdim_full_10x,inr_diffusion_history_conditioned,specialization,0,0.625,0.625,nan,0.23582510650157928,0.28087275697455605,0.028400633484125137,0.4856182724131983,,,1.0,0.8396154509315491,411,16,16,16
outputs/droid_lowdim_full_10x_suite_20260501/droid_lowdim_full_10x__cvae__no_shift__s1,droid_lowdim_full_10x,cvae,no_shift,1,0.8876404494382022,0.8876404494382022,nan,0.07058470696210861,0.08150094281386457,0.02460542693734169,0.2656778254994357,,,1.0,0.8660600052604676,411,89,89,0
outputs/droid_lowdim_full_10x_suite_20260501/droid_lowdim_full_10x__inr_transformer_fitted_latent__conflation__s0,droid_lowdim_full_10x,inr_transformer_fitted_latent,conflation,0,0.7954545454545454,0.7954545454545454,nan,0.08773975074291229,0.07789694463959598,0.027400420978665352,0.2962089646565618,,,1.0,1.126356767250061,202,44,44,3
outputs/droid_lowdim_full_10x_suite_20260501/droid_lowdim_full_10x__inr_transformer_infer_latent_maml__conflation__s1,droid_lowdim_full_10x,inr_transformer_infer_latent_maml,conflation,1,0.9090909090909091,0.9090909090909091,nan,0.07641241699457169,0.0932034099518957,0.02262978069484234,0.27642795986399726,,,1.0,0.8198457227478028,202,44,44,3
outputs/droid_lowdim_full_10x_suite_20260501/droid_lowdim_full_10x__cvae__specialization__s0,droid_lowdim_full_10x,cvae,specialization,0,0.75,0.75,nan,0.05655863881111145,0.06736255121122404,0.022207358852028847,0.23782060215866802,,,1.0,0.8396154509315491,411,16,16,16
outputs/droid_lowdim_full_10x_suite_20260501/droid_lowdim_full_10x__cvae__specialization__s1,droid_lowdim_full_10x,cvae,specialization,1,0.625,0.625,nan,0.0644267201423645,0.06499665573188998,0.021203739568591118,0.25382419140492596,,,1.0,0.991231309009552,411,16,16,16
outputs/droid_lowdim_full_10x_suite_20260501/droid_lowdim_full_10x__inr_transformer_fitted_latent__new_policy__s0,droid_lowdim_full_10x,inr_transformer_fitted_latent,new_policy,0,0.5565217391304348,0.7191011235955056,0.0005919726099818945,0.08144360035657883,0.0773050622440307,0.027969926595687866,0.28538325171000983,,,1.0,1.053535150123596,411,115,115,0
outputs/droid_lowdim_full_10x_suite_20260501/droid_lowdim_full_10x__inr_diffusion_history_conditioned__generalization__s0,droid_lowdim_full_10x,inr_diffusion_history_conditioned,generalization,0,0.4943820224719101,0.4943820224719101,nan,0.2045658975839615,0.15390348293356862,0.04165947064757347,0.4522896169314099,,,1.0,1.3291830287704467,76,89,89,0
outputs/droid_lowdim_full_10x_suite_20260501/droid_lowdim_full_10x__inr_diffusion_history_conditioned__novel_generalization__s1,droid_lowdim_full_10x,inr_diffusion_history_conditioned,novel_generalization,1,0.3391304347826087,0.43820224719101125,1.8179285526275635,0.1848960667848587,0.16132645012533067,0.031051447615027428,0.42999542646969946,,,1.0,1.1460988984832763,76,115,115,0
outputs/droid_lowdim_full_10x_suite_20260501/droid_lowdim_full_10x__inr_transformer_fitted_latent__generalization__s0,droid_lowdim_full_10x,inr_transformer_fitted_latent,generalization,0,0.4157303370786517,0.4157303370786517,nan,0.15546387434005737,0.11696197662399313,0.05768003314733505,0.39428907458875573,,,1.0,1.3291830287704467,76,89,89,0
outputs/droid_lowdim_full_10x_suite_20260501/droid_lowdim_full_10x__inr_transformer_history_conditioned__no_shift__s0,droid_lowdim_full_10x,inr_transformer_history_conditioned,no_shift,0,0.8202247191011236,0.8202247191011236,nan,0.021741429343819618,0.020152296675325095,0.0010500712087377906,0.14744975192864726,,,1.0,1.0788561568984985,411,89,89,0
outputs/droid_lowdim_full_10x_suite_20260501/droid_lowdim_full_10x__inr_transformer_history_conditioned__single_shift__s1,droid_lowdim_full_10x,inr_transformer_history_conditioned,single_shift,1,0.7727272727272727,0.7727272727272727,nan,0.016359098255634308,0.0176056872464134,0.0010908744297921658,0.12790269057230308,,,1.0,0.9291939602622986,411,44,44,3
outputs/droid_lowdim_full_10x_suite_20260501/droid_lowdim_full_10x__inr_transformer_infer_latent_maml__generalization__s1,droid_lowdim_full_10x,inr_transformer_infer_latent_maml,generalization,1,0.4943820224719101,0.4943820224719101,nan,0.14077335596084595,0.12057788852896262,0.05995849892497063,0.37519775580465026,,,1.0,1.1674889789352416,76,89,89,0
outputs/droid_lowdim_full_10x_suite_20260501/droid_lowdim_full_10x__inr_transformer_fitted_latent__conflation__s1,droid_lowdim_full_10x,inr_transformer_fitted_latent,conflation,1,0.8181818181818182,0.8181818181818182,nan,0.08380663394927979,0.102222444569684,0.021048102527856827,0.28949375459460225,,,1.0,0.8198457227478028,202,44,44,3
outputs/droid_lowdim_full_10x_suite_20260501/droid_lowdim_full_10x__inr_transformer_fitted_latent__novel_generalization__s1,droid_lowdim_full_10x,inr_transformer_fitted_latent,novel_generalization,1,0.3826086956521739,0.4943820224719101,0.00040400493890047073,0.13202331960201263,0.11519365368619548,0.05694721266627312,0.3633501336204689,,,1.0,1.1460988984832763,76,115,115,0
outputs/droid_lowdim_full_10x_suite_20260501/droid_lowdim_full_10x__inr_transformer_history_conditioned__generalization__s1,droid_lowdim_full_10x,inr_transformer_history_conditioned,generalization,1,0.42696629213483145,0.42696629213483145,nan,0.13974907994270325,0.11970055603450357,0.056730110198259354,0.3738302822708498,,,1.0,1.1674889789352416,76,89,89,0
outputs/droid_lowdim_full_10x_suite_20260501/droid_lowdim_full_10x__cvae__no_shift__s0,droid_lowdim_full_10x,cvae,no_shift,0,0.8426966292134831,0.8426966292134831,nan,0.07689791917800903,0.07127726776762862,0.025505458936095238,0.277304740633854,,,1.0,1.0788561568984985,411,89,89,0
outputs/droid_lowdim_full_10x_suite_20260501/droid_lowdim_full_10x__inr_transformer_infer_latent_maml__no_shift__s0,droid_lowdim_full_10x,inr_transformer_infer_latent_maml,no_shift,0,0.7415730337078652,0.7415730337078652,nan,0.08479449152946472,0.07859666090540966,0.029235800728201866,0.29119493733488006,,,1.0,1.0788561568984985,411,89,89,0
outputs/droid_lowdim_full_10x_suite_20260501/droid_lowdim_full_10x__inr_transformer_history_conditioned__generalization__s0,droid_lowdim_full_10x,inr_transformer_history_conditioned,generalization,0,0.4157303370786517,0.4157303370786517,nan,0.1490563601255417,0.11214133561683032,0.05146726220846176,0.38607817877412043,,,1.0,1.3291830287704467,76,89,89,0
outputs/droid_lowdim_full_10x_suite_20260501/droid_lowdim_full_10x__inr_transformer_infer_latent_maml__specialization__s0,droid_lowdim_full_10x,inr_transformer_infer_latent_maml,specialization,0,0.4375,0.4375,nan,0.05757732316851616,0.06857582611734266,0.02093012072145939,0.23995275195028742,,,1.0,0.8396154509315491,411,16,16,16
outputs/droid_lowdim_full_10x_suite_20260501/droid_lowdim_full_10x__inr_transformer_fitted_latent__single_shift__s1,droid_lowdim_full_10x,inr_transformer_fitted_latent,single_shift,1,0.5454545454545454,0.5454545454545454,nan,0.09285363554954529,0.09992922847166806,0.02646363154053688,0.3047189451766091,,,1.0,0.9291939602622986,411,44,44,3
outputs/droid_lowdim_full_10x_suite_20260501/droid_lowdim_full_10x__inr_diffusion_history_conditioned__single_shift__s0,droid_lowdim_full_10x,inr_diffusion_history_conditioned,single_shift,0,0.7727272727272727,0.7727272727272727,nan,0.31961333751678467,0.254031784900848,0.06202045455574989,0.5653435570666607,,,1.0,1.2581627832183837,411,44,44,3
outputs/droid_lowdim_full_10x_suite_20260501/droid_lowdim_full_10x__cvae__novel_generalization__s0,droid_lowdim_full_10x,cvae,novel_generalization,0,0.40869565217391307,0.5280898876404494,2.742903709411621,0.09850665181875229,0.07556832446558549,0.042381707578897476,0.31385769357903637,,,1.0,1.303544210029602,76,115,115,0
outputs/droid_lowdim_full_10x_suite_20260501/droid_lowdim_full_10x__inr_transformer_infer_latent_maml__new_policy__s0,droid_lowdim_full_10x,inr_transformer_infer_latent_maml,new_policy,0,0.5826086956521739,0.7528089887640449,4.0275575884152204e-05,0.08335158228874207,0.07911609050629552,0.02943526580929756,0.2887067409825099,,,1.0,1.053535150123596,411,115,115,0
outputs/droid_lowdim_full_10x_suite_20260501/droid_lowdim_full_10x__inr_transformer_fitted_latent__new_policy__s1,droid_lowdim_full_10x,inr_transformer_fitted_latent,new_policy,1,0.5043478260869565,0.651685393258427,0.0005546072497963905,0.0768202692270279,0.09091740834578954,0.02527313120663166,0.2771646969349233,,,1.0,0.8449456558952332,411,115,115,0
outputs/droid_lowdim_full_10x_suite_20260501/droid_lowdim_full_10x__cvae__novel_generalization__s1,droid_lowdim_full_10x,cvae,novel_generalization,1,0.4260869565217391,0.550561797752809,3.1320137977600098,0.10096930712461472,0.08809824986153937,0.04489215463399887,0.3177566791188105,,,1.0,1.1460988984832763,76,115,115,0
outputs/droid_lowdim_full_10x_suite_20260501/droid_lowdim_full_10x__inr_diffusion_history_conditioned__new_policy__s1,droid_lowdim_full_10x,inr_diffusion_history_conditioned,new_policy,1,0.6260869565217392,0.8089887640449438,0.63572096824646,0.2484598010778427,0.29405417892183333,0.03234468027949333,0.49845742152950506,,,1.0,0.8449456558952332,411,115,115,0
outputs/droid_lowdim_full_10x_suite_20260501/droid_lowdim_full_10x__inr_transformer_history_conditioned__specialization__s1,droid_lowdim_full_10x,inr_transformer_history_conditioned,specialization,1,0.75,0.75,nan,0.015074766241014004,0.015208121559514556,0.0011024766135960817,0.12277933963421535,,,1.0,0.991231309009552,411,16,16,16
outputs/droid_lowdim_full_10x_suite_20260501/droid_lowdim_full_10x__inr_transformer_history_conditioned__single_shift__s0,droid_lowdim_full_10x,inr_transformer_history_conditioned,single_shift,0,0.6818181818181818,0.6818181818181818,nan,0.02100890688598156,0.016698083241852634,0.001359720015898347,0.14494449588025604,,,1.0,1.2581627832183837,411,44,44,3
outputs/droid_lowdim_full_10x_suite_20260501/droid_lowdim_full_10x__inr_transformer_fitted_latent__no_shift__s1,droid_lowdim_full_10x,inr_transformer_fitted_latent,no_shift,1,0.6629213483146067,0.6629213483146067,nan,0.08007755875587463,0.09246190595279978,0.025601301342248917,0.28297978506577925,,,1.0,0.8660600052604676,411,89,89,0
outputs/droid_lowdim_full_10x_suite_20260501/droid_lowdim_full_10x__inr_transformer_infer_latent_maml__single_shift__s1,droid_lowdim_full_10x,inr_transformer_infer_latent_maml,single_shift,1,0.7045454545454546,0.7045454545454546,nan,0.08806684613227844,0.09477767817971867,0.0273464173078537,0.29676058722862514,,,1.0,0.9291939602622986,411,44,44,3
outputs/droid_lowdim_full_10x_suite_20260501/droid_lowdim_full_10x__inr_transformer_history_conditioned__novel_generalization__s1,droid_lowdim_full_10x,inr_transformer_history_conditioned,novel_generalization,1,0.34782608695652173,0.449438202247191,6.434189796447754,0.1285669356584549,0.11217787210911531,0.05171499401330948,0.3585623176777712,,,1.0,1.1460988984832763,76,115,115,0
outputs/droid_lowdim_full_10x_suite_20260501/droid_lowdim_full_10x__inr_diffusion_history_conditioned__new_policy__s0,droid_lowdim_full_10x,inr_diffusion_history_conditioned,new_policy,0,0.6347826086956522,0.8202247191011236,0.5706300139427185,0.2652071714401245,0.25173072906870886,0.042056623846292496,0.514982690427673,,,1.0,1.053535150123596,411,115,115,0
outputs/droid_lowdim_full_10x_suite_20260501/droid_lowdim_full_10x__inr_transformer_infer_latent_maml__conflation__s0,droid_lowdim_full_10x,inr_transformer_infer_latent_maml,conflation,0,0.7045454545454546,0.7045454545454546,nan,0.0830300897359848,0.0737156220392747,0.024962691590189934,0.28814942258485404,,,1.0,1.126356767250061,202,44,44,3
outputs/droid_lowdim_full_10x_suite_20260501/droid_lowdim_full_10x__inr_transformer_fitted_latent__specialization__s0,droid_lowdim_full_10x,inr_transformer_fitted_latent,specialization,0,0.6875,0.6875,nan,0.057976383715867996,0.06905111578347384,0.023282671347260475,0.24078285594258575,,,1.0,0.8396154509315491,411,16,16,16
outputs/droid_lowdim_full_10x_suite_20260501/droid_lowdim_full_10x__cvae__generalization__s0,droid_lowdim_full_10x,cvae,generalization,0,0.5280898876404494,0.5280898876404494,nan,0.09945402294397354,0.07482342220090857,0.04177680239081383,0.31536331895763264,,,1.0,1.3291830287704467,76,89,89,0
outputs/droid_lowdim_full_10x_suite_20260501/droid_lowdim_full_10x__inr_transformer_history_conditioned__new_policy__s1,droid_lowdim_full_10x,inr_transformer_history_conditioned,new_policy,1,0.6,0.7752808988764045,4.1443023681640625,0.01578371413052082,0.018680153002026773,0.0009783791610971093,0.12563325248723295,,,1.0,0.8449456558952332,411,115,115,0
