run_dir,data,model,experiment,seed,probe_acc,probe_acc_seen,knn_acc1,knn_acc5,novel_mean_embed_dist,gen_mse,gen_nmse,gen_median_se,gen_rmse,gen_acc,gen_nll,finite_fraction,target_var,n_train_episodes,n_test_episodes,n_test_episodes_used,n_test_ood
outputs/fastf1/uncapped_full_suite/fastf1_stint_full_uncapped__cvae__generalization__s0,fastf1_stint_full_uncapped,cvae,generalization,0,0.4166666666666667,0.4166666666666667,0.4166666666666667,1.0,nan,21.86993408203125,23.367101897019396,14.48617935180664,4.67653013269788,,,1.0,0.9359283910522461,8,12,12,0
outputs/fastf1/uncapped_full_suite/fastf1_stint_full_uncapped__inr_transformer_history_conditioned__generalization__s0,fastf1_stint_full_uncapped,inr_transformer_history_conditioned,generalization,0,0.5,0.5,0.4166666666666667,1.0,nan,0.5377323627471924,0.5745443432297532,0.3608122169971466,0.7333023678859849,,,1.0,0.9359283910522461,8,12,12,0
outputs/fastf1/uncapped_full_suite/fastf1_stint_full_uncapped__inr_transformer_history_conditioned__single_shift__s1,fastf1_stint_full_uncapped,inr_transformer_history_conditioned,single_shift,1,0.75,0.75,0.875,1.0,nan,0.05073748156428337,0.046436826450343666,0.0007398759480565786,0.22524982034239976,,,1.0,1.0926130281219482,52,8,8,1
outputs/fastf1/uncapped_full_suite/fastf1_stint_full_uncapped__inr_diffusion_history_conditioned__no_shift__s1,fastf1_stint_full_uncapped,inr_diffusion_history_conditioned,no_shift,1,0.3333333333333333,0.3333333333333333,0.5833333333333334,1.0,nan,0.5739375352859497,0.592190557565693,0.0024240631610155106,0.7575866519982712,,,1.0,0.9691771136054993,52,12,12,0
outputs/fastf1/uncapped_full_suite/fastf1_stint_full_uncapped__inr_transformer_fitted_latent__no_shift__s0,fastf1_stint_full_uncapped,inr_transformer_fitted_latent,no_shift,0,1.0,1.0,0.8333333333333334,1.0,nan,0.25062572956085205,0.27688894806065734,0.02626148797571659,0.5006253385125967,,,1.0,0.9051489101181031,52,12,12,0
outputs/fastf1/uncapped_full_suite/fastf1_stint_full_uncapped__inr_transformer_history_conditioned__no_shift__s1,fastf1_stint_full_uncapped,inr_transformer_history_conditioned,no_shift,1,0.75,0.75,0.4166666666666667,0.9166666666666666,nan,0.037163909524679184,0.0383458389627292,0.0005172084202058613,0.19277943231755607,,,1.0,0.9691771136054993,52,12,12,0
outputs/fastf1/uncapped_full_suite/fastf1_stint_full_uncapped__inr_transformer_history_conditioned__no_shift__s0,fastf1_stint_full_uncapped,inr_transformer_history_conditioned,no_shift,0,0.9166666666666666,0.9166666666666666,0.75,1.0,nan,0.03335567191243172,0.03685103250920282,0.00036693247966468334,0.1826353523073551,,,1.0,0.9051489101181031,52,12,12,0
outputs/fastf1/uncapped_full_suite/fastf1_stint_full_uncapped__cvae__new_policy__s0,fastf1_stint_full_uncapped,cvae,new_policy,0,0.6666666666666666,1.0,0.6666666666666666,0.6666666666666666,2.925462007522583,0.19372154772281647,0.19592224603375208,0.013452878221869469,0.44013810073977516,,,1.0,0.9887674914131165,52,18,18,0
outputs/fastf1/uncapped_full_suite/fastf1_stint_full_uncapped__inr_diffusion_history_conditioned__single_shift__s1,fastf1_stint_full_uncapped,inr_diffusion_history_conditioned,single_shift,1,0.625,0.625,0.5,1.0,nan,0.6587313413619995,0.6028953750389269,0.005188768729567528,0.8116226594680557,,,1.0,1.0926130281219482,52,8,8,1
outputs/fastf1/uncapped_full_suite/fastf1_stint_full_uncapped__inr_transformer_fitted_latent__novel_generalization__s1,fastf1_stint_full_uncapped,inr_transformer_fitted_latent,novel_generalization,1,0.3888888888888889,0.5833333333333334,0.3333333333333333,0.6666666666666666,0.00415847497060895,1.296445369720459,1.0385133081219968,0.7781488299369812,1.1386155495690629,,,1.0,1.2483666406402587,8,18,18,0
outputs/fastf1/uncapped_full_suite/fastf1_stint_full_uncapped__inr_diffusion_history_conditioned__generalization__s0,fastf1_stint_full_uncapped,inr_diffusion_history_conditioned,generalization,0,0.3333333333333333,0.3333333333333333,0.4166666666666667,1.0,nan,0.9141033887863159,0.9766809058528583,0.4106244444847107,0.9560875424281585,,,1.0,0.9359283910522461,8,12,12,0
outputs/fastf1/uncapped_full_suite/fastf1_stint_full_uncapped__inr_diffusion_history_conditioned__new_policy__s0,fastf1_stint_full_uncapped,inr_diffusion_history_conditioned,new_policy,0,0.5,0.75,0.4444444444444444,0.6666666666666666,0.5180684924125671,0.5501760840415955,0.5564261454988781,0.0020767683163285255,0.7417385550459107,,,1.0,0.9887674914131165,52,18,18,0
outputs/fastf1/uncapped_full_suite/fastf1_stint_full_uncapped__cvae__generalization__s1,fastf1_stint_full_uncapped,cvae,generalization,1,0.4166666666666667,0.4166666666666667,0.4166666666666667,1.0,nan,23.624637603759766,23.597069210020535,6.595832347869873,4.860518244360344,,,1.0,1.0011682973632812,8,12,12,0
outputs/fastf1/uncapped_full_suite/fastf1_stint_full_uncapped__inr_transformer_history_conditioned__specialization__s1,fastf1_stint_full_uncapped,inr_transformer_history_conditioned,specialization,1,0.5,0.5,0.5,1.0,nan,0.07363200932741165,0.08471546519425668,0.002113678026944399,0.27135218688525736,,,1.0,0.869168447090149,52,2,2,2
outputs/fastf1/uncapped_full_suite/fastf1_stint_full_uncapped__inr_diffusion_history_conditioned__single_shift__s0,fastf1_stint_full_uncapped,inr_diffusion_history_conditioned,single_shift,0,0.75,0.75,0.625,1.0,nan,0.557327389717102,0.5780469991210739,0.005259830504655838,0.7465436288102002,,,1.0,0.9641558395156861,52,8,8,1
outputs/fastf1/uncapped_full_suite/fastf1_stint_full_uncapped__cvae__novel_generalization__s1,fastf1_stint_full_uncapped,cvae,novel_generalization,1,0.2777777777777778,0.4166666666666667,0.4444444444444444,0.6666666666666666,3.2374541759490967,18.47645378112793,14.800502656536688,4.482241630554199,4.2984245696682795,,,1.0,1.2483666406402587,8,18,18,0
outputs/fastf1/uncapped_full_suite/fastf1_stint_full_uncapped__cvae__specialization__s1,fastf1_stint_full_uncapped,cvae,specialization,1,0.5,0.5,1.0,1.0,nan,0.8182289600372314,0.9413928482753192,0.4542442560195923,0.9045600919989957,,,1.0,0.869168447090149,52,2,2,2
outputs/fastf1/uncapped_full_suite/fastf1_stint_full_uncapped__inr_transformer_fitted_latent__new_policy__s0,fastf1_stint_full_uncapped,inr_transformer_fitted_latent,new_policy,0,0.6666666666666666,1.0,0.6111111111111112,0.6666666666666666,0.0037909310776740313,0.2986421585083008,0.30203476661787343,0.027597473934292793,0.5464816177222257,,,1.0,0.9887674914131165,52,18,18,0
outputs/fastf1/uncapped_full_suite/fastf1_stint_full_uncapped__cvae__no_shift__s1,fastf1_stint_full_uncapped,cvae,no_shift,1,0.8333333333333334,0.8333333333333334,0.8333333333333334,1.0,nan,0.32987409830093384,0.3403651341639172,0.048288580030202866,0.5743466708364677,,,1.0,0.9691771136054993,52,12,12,0
outputs/fastf1/uncapped_full_suite/fastf1_stint_full_uncapped__inr_transformer_fitted_latent__generalization__s0,fastf1_stint_full_uncapped,inr_transformer_fitted_latent,generalization,0,0.3333333333333333,0.3333333333333333,0.5833333333333334,1.0,nan,1.0312942266464233,1.1018943719475796,0.7706233859062195,1.0155265760414265,,,1.0,0.9359283910522461,8,12,12,0
outputs/fastf1/uncapped_full_suite/fastf1_stint_full_uncapped__inr_diffusion_history_conditioned__specialization__s0,fastf1_stint_full_uncapped,inr_diffusion_history_conditioned,specialization,0,0.5,0.5,1.0,1.0,nan,0.5140517950057983,0.6718785064196853,0.007561205420643091,0.7169740546252691,,,1.0,0.7650963531265259,52,2,2,2
outputs/fastf1/uncapped_full_suite/fastf1_stint_full_uncapped__inr_transformer_fitted_latent__single_shift__s1,fastf1_stint_full_uncapped,inr_transformer_fitted_latent,single_shift,1,1.0,1.0,0.875,1.0,nan,0.5167359113693237,0.4729358867864882,0.13218815624713898,0.7188434540074241,,,1.0,1.0926130281219482,52,8,8,1
outputs/fastf1/uncapped_full_suite/fastf1_stint_full_uncapped__inr_transformer_history_conditioned__generalization__s1,fastf1_stint_full_uncapped,inr_transformer_history_conditioned,generalization,1,0.5,0.5,0.25,1.0,nan,0.9318220019340515,0.9307346271232689,0.6284792423248291,0.9653092778659342,,,1.0,1.0011682973632812,8,12,12,0
outputs/fastf1/uncapped_full_suite/fastf1_stint_full_uncapped__inr_diffusion_history_conditioned__novel_generalization__s0,fastf1_stint_full_uncapped,inr_diffusion_history_conditioned,novel_generalization,0,0.2777777777777778,0.4166666666666667,0.2222222222222222,0.6666666666666666,1.093756079673767,1.033035159111023,0.9647585522695652,0.37715861201286316,1.016383372114589,,,1.0,1.0707706676254272,8,18,18,0
outputs/fastf1/uncapped_full_suite/fastf1_stint_full_uncapped__cvae__specialization__s0,fastf1_stint_full_uncapped,cvae,specialization,0,0.5,0.5,0.5,1.0,nan,0.4414671063423157,0.5770085095011676,0.25048890709877014,0.6644299107824058,,,1.0,0.7650963531265259,52,2,2,2
outputs/fastf1/uncapped_full_suite/fastf1_stint_full_uncapped__inr_transformer_fitted_latent__single_shift__s0,fastf1_stint_full_uncapped,inr_transformer_fitted_latent,single_shift,0,1.0,1.0,0.875,1.0,nan,0.5141914486885071,0.5333074048971121,0.19122079014778137,0.717071439041123,,,1.0,0.9641558395156861,52,8,8,1
outputs/fastf1/uncapped_full_suite/fastf1_stint_full_uncapped__cvae__single_shift__s1,fastf1_stint_full_uncapped,cvae,single_shift,1,1.0,1.0,1.0,1.0,nan,1.7881380319595337,1.636570300679187,0.16601532697677612,1.3372127848474729,,,1.0,1.0926130281219482,52,8,8,1
outputs/fastf1/uncapped_full_suite/fastf1_stint_full_uncapped__inr_transformer_fitted_latent__no_shift__s1,fastf1_stint_full_uncapped,inr_transformer_fitted_latent,no_shift,1,1.0,1.0,0.9166666666666666,1.0,nan,0.402494877576828,0.41529548307169617,0.055422037839889526,0.6344248399746246,,,1.0,0.9691771136054993,52,12,12,0
outputs/fastf1/uncapped_full_suite/fastf1_stint_full_uncapped__inr_diffusion_history_conditioned__specialization__s1,fastf1_stint_full_uncapped,inr_diffusion_history_conditioned,specialization,1,0.5,0.5,1.0,1.0,nan,0.6242383718490601,0.718201832957605,0.007906503044068813,0.790087572265923,,,1.0,0.869168447090149,52,2,2,2
outputs/fastf1/uncapped_full_suite/fastf1_stint_full_uncapped__inr_transformer_fitted_latent__specialization__s0,fastf1_stint_full_uncapped,inr_transformer_fitted_latent,specialization,0,1.0,1.0,0.5,1.0,nan,0.6384232640266418,0.8344351158096086,0.3666244447231293,0.7990139323107213,,,1.0,0.7650963531265259,52,2,2,2
outputs/fastf1/uncapped_full_suite/fastf1_stint_full_uncapped__cvae__conflation__s0,fastf1_stint_full_uncapped,cvae,conflation,0,1.0,1.0,0.875,1.0,nan,0.2151961326599121,0.25606516378037536,0.029699048027396202,0.4638923718492384,,,1.0,0.8403959737548828,34,8,8,1
outputs/fastf1/uncapped_full_suite/fastf1_stint_full_uncapped__inr_diffusion_history_conditioned__new_policy__s1,fastf1_stint_full_uncapped,inr_diffusion_history_conditioned,new_policy,1,0.4444444444444444,0.6666666666666666,0.3888888888888889,0.6666666666666666,2.3917582035064697,0.6980671286582947,0.577957464019469,0.008047145791351795,0.8355041164819564,,,1.0,1.207817481590271,52,18,18,0
outputs/fastf1/uncapped_full_suite/fastf1_stint_full_uncapped__inr_diffusion_history_conditioned__no_shift__s0,fastf1_stint_full_uncapped,inr_diffusion_history_conditioned,no_shift,0,0.5,0.5,0.4166666666666667,1.0,nan,0.4437764286994934,0.4902800232522954,0.001202812884002924,0.6661654664567156,,,1.0,0.9051489101181031,52,12,12,0
outputs/fastf1/uncapped_full_suite/fastf1_stint_full_uncapped__cvae__no_shift__s0,fastf1_stint_full_uncapped,cvae,no_shift,0,0.9166666666666666,0.9166666666666666,0.9166666666666666,1.0,nan,0.17131783068180084,0.189270327530359,0.010822571814060211,0.4139055818442182,,,1.0,0.9051489101181031,52,12,12,0
outputs/fastf1/uncapped_full_suite/fastf1_stint_full_uncapped__inr_transformer_history_conditioned__conflation__s0,fastf1_stint_full_uncapped,inr_transformer_history_conditioned,conflation,0,1.0,1.0,0.875,1.0,nan,0.04431361332535744,0.05272944505833905,0.0006793420179747045,0.2105079887447444,,,1.0,0.8403959737548828,34,8,8,1
outputs/fastf1/uncapped_full_suite/fastf1_stint_full_uncapped__cvae__novel_generalization__s0,fastf1_stint_full_uncapped,cvae,novel_generalization,0,0.2777777777777778,0.4166666666666667,0.3333333333333333,0.6666666666666666,3.8975493907928467,9.28963565826416,8.675653843661157,2.3288042545318604,3.0478903619166093,,,1.0,1.0707706676254272,8,18,18,0
outputs/fastf1/uncapped_full_suite/fastf1_stint_full_uncapped__cvae__conflation__s1,fastf1_stint_full_uncapped,cvae,conflation,1,1.0,1.0,1.0,1.0,nan,0.3558636009693146,0.37775352990199074,0.058699097484350204,0.596543042008969,,,1.0,0.9420523510704041,34,8,8,1
outputs/fastf1/uncapped_full_suite/fastf1_stint_full_uncapped__inr_diffusion_history_conditioned__conflation__s1,fastf1_stint_full_uncapped,inr_diffusion_history_conditioned,conflation,1,1.0,1.0,1.0,1.0,nan,0.5791314244270325,0.6147550332728284,0.005297950003296137,0.7610068491328001,,,1.0,0.9420523510704041,34,8,8,1
outputs/fastf1/uncapped_full_suite/fastf1_stint_full_uncapped__inr_transformer_fitted_latent__novel_generalization__s0,fastf1_stint_full_uncapped,inr_transformer_fitted_latent,novel_generalization,0,0.3333333333333333,0.5,0.3333333333333333,0.6666666666666666,0.005640552844852209,1.1365140676498413,1.0613982078629485,0.7669125199317932,1.066074137970639,,,1.0,1.0707706676254272,8,18,18,0
outputs/fastf1/uncapped_full_suite/fastf1_stint_full_uncapped__inr_transformer_history_conditioned__new_policy__s0,fastf1_stint_full_uncapped,inr_transformer_history_conditioned,new_policy,0,0.5555555555555556,0.8333333333333334,0.4444444444444444,0.6666666666666666,2.166213035583496,0.034868430346250534,0.03526453959000779,0.00042946008034050465,0.18673090356513175,,,1.0,0.9887674914131165,52,18,18,0
outputs/fastf1/uncapped_full_suite/fastf1_stint_full_uncapped__inr_transformer_fitted_latent__conflation__s0,fastf1_stint_full_uncapped,inr_transformer_fitted_latent,conflation,0,1.0,1.0,1.0,1.0,nan,0.24465084075927734,0.29111377065049376,0.04629869386553764,0.49462191698233243,,,1.0,0.8403959737548828,34,8,8,1
outputs/fastf1/uncapped_full_suite/fastf1_stint_full_uncapped__cvae__new_policy__s1,fastf1_stint_full_uncapped,cvae,new_policy,1,0.5555555555555556,0.8333333333333334,0.6111111111111112,0.6666666666666666,4.121798038482666,0.4532347023487091,0.3752509872203194,0.08384275436401367,0.6732270808194729,,,1.0,1.207817481590271,52,18,18,0
outputs/fastf1/uncapped_full_suite/fastf1_stint_full_uncapped__inr_transformer_history_conditioned__conflation__s1,fastf1_stint_full_uncapped,inr_transformer_history_conditioned,conflation,1,1.0,1.0,0.875,1.0,nan,0.0443241186439991,0.04705058969773384,0.00090945785632357,0.21053293957003283,,,1.0,0.9420523510704041,34,8,8,1
outputs/fastf1/uncapped_full_suite/fastf1_stint_full_uncapped__inr_diffusion_history_conditioned__generalization__s1,fastf1_stint_full_uncapped,inr_diffusion_history_conditioned,generalization,1,0.5,0.5,0.5,1.0,nan,1.054215669631958,1.052985469484386,0.52904212474823,1.026750052170419,,,1.0,1.0011682973632812,8,12,12,0
outputs/fastf1/uncapped_full_suite/fastf1_stint_full_uncapped__inr_transformer_fitted_latent__new_policy__s1,fastf1_stint_full_uncapped,inr_transformer_fitted_latent,new_policy,1,0.6666666666666666,1.0,0.6666666666666666,0.6666666666666666,0.005104985553771257,0.5221322774887085,0.4322940224389234,0.06935927271842957,0.7225872109916619,,,1.0,1.207817481590271,52,18,18,0
outputs/fastf1/uncapped_full_suite/fastf1_stint_full_uncapped__inr_transformer_fitted_latent__generalization__s1,fastf1_stint_full_uncapped,inr_transformer_fitted_latent,generalization,1,0.5833333333333334,0.5833333333333334,0.5,1.0,nan,1.2015032768249512,1.20010120175527,0.7120903730392456,1.0961310491108949,,,1.0,1.0011682973632812,8,12,12,0
outputs/fastf1/uncapped_full_suite/fastf1_stint_full_uncapped__inr_transformer_fitted_latent__specialization__s1,fastf1_stint_full_uncapped,inr_transformer_fitted_latent,specialization,1,1.0,1.0,0.5,1.0,nan,0.547266960144043,0.6296443019488502,0.20559650659561157,0.7397749388456215,,,1.0,0.869168447090149,52,2,2,2
outputs/fastf1/uncapped_full_suite/fastf1_stint_full_uncapped__inr_transformer_history_conditioned__specialization__s0,fastf1_stint_full_uncapped,inr_transformer_history_conditioned,specialization,0,0.5,0.5,0.5,1.0,nan,0.08753915131092072,0.11441585226905943,0.0038401468191295862,0.29587015954793533,,,1.0,0.7650963531265259,52,2,2,2
outputs/fastf1/uncapped_full_suite/fastf1_stint_full_uncapped__inr_diffusion_history_conditioned__conflation__s0,fastf1_stint_full_uncapped,inr_diffusion_history_conditioned,conflation,0,1.0,1.0,0.875,1.0,nan,0.45713379979133606,0.5439504877074384,0.005743701476603746,0.6761167057478583,,,1.0,0.8403959737548828,34,8,8,1
outputs/fastf1/uncapped_full_suite/fastf1_stint_full_uncapped__inr_transformer_history_conditioned__novel_generalization__s1,fastf1_stint_full_uncapped,inr_transformer_history_conditioned,novel_generalization,1,0.2777777777777778,0.4166666666666667,0.2777777777777778,0.6666666666666666,7.384584903717041,1.0464656352996826,0.83826786236692,0.4807797968387604,1.0229690294919405,,,1.0,1.2483666406402587,8,18,18,0
outputs/fastf1/uncapped_full_suite/fastf1_stint_full_uncapped__inr_transformer_fitted_latent__conflation__s1,fastf1_stint_full_uncapped,inr_transformer_fitted_latent,conflation,1,0.875,0.875,1.0,1.0,nan,0.39144501090049744,0.4155236282311904,0.07608618587255478,0.6256556648033305,,,1.0,0.9420523510704041,34,8,8,1
outputs/fastf1/uncapped_full_suite/fastf1_stint_full_uncapped__cvae__single_shift__s0,fastf1_stint_full_uncapped,cvae,single_shift,0,1.0,1.0,1.0,1.0,nan,0.3613757789134979,0.3748105483601322,0.08791790157556534,0.6011453891643002,,,1.0,0.9641558395156861,52,8,8,1
outputs/fastf1/uncapped_full_suite/fastf1_stint_full_uncapped__inr_transformer_history_conditioned__single_shift__s0,fastf1_stint_full_uncapped,inr_transformer_history_conditioned,single_shift,0,1.0,1.0,0.5,1.0,nan,0.05549046769738197,0.05755342178423759,0.0013557167258113623,0.23556414773344006,,,1.0,0.9641558395156861,52,8,8,1
outputs/fastf1/uncapped_full_suite/fastf1_stint_full_uncapped__inr_transformer_history_conditioned__novel_generalization__s0,fastf1_stint_full_uncapped,inr_transformer_history_conditioned,novel_generalization,0,0.2777777777777778,0.4166666666666667,0.2777777777777778,0.6666666666666666,5.745037078857422,0.7162148356437683,0.6688779000942074,0.4463983476161957,0.8462947687678143,,,1.0,1.0707706676254272,8,18,18,0
outputs/fastf1/uncapped_full_suite/fastf1_stint_full_uncapped__inr_transformer_history_conditioned__new_policy__s1,fastf1_stint_full_uncapped,inr_transformer_history_conditioned,new_policy,1,0.3888888888888889,0.5833333333333334,0.3333333333333333,0.6111111111111112,3.9373271465301514,0.04051324352622032,0.03354252123663472,0.0006284387782216072,0.20127901909096318,,,1.0,1.207817481590271,52,18,18,0
outputs/fastf1/uncapped_full_suite/fastf1_stint_full_uncapped__inr_diffusion_history_conditioned__novel_generalization__s1,fastf1_stint_full_uncapped,inr_diffusion_history_conditioned,novel_generalization,1,0.3888888888888889,0.5833333333333334,0.3333333333333333,0.6666666666666666,4.748802185058594,1.317322015762329,1.0552364769109055,0.8792684674263,1.1477464945545812,,,1.0,1.2483666406402587,8,18,18,0
outputs/fastf1/uncapped_full_suite/all_player_metrics/fastf1_stint_full_uncapped__cvae__generalization__s0,fastf1_stint_full_uncapped_all_players,cvae,generalization,0,0.038461538461538464,0.038461538461538464,0.04807692307692308,0.21153846153846154,nan,,,,,,,,,74,104,104,0
outputs/fastf1/uncapped_full_suite/all_player_metrics/fastf1_stint_full_uncapped__inr_transformer_history_conditioned__generalization__s0,fastf1_stint_full_uncapped_all_players,inr_transformer_history_conditioned,generalization,0,0.04807692307692308,0.04807692307692308,0.04807692307692308,0.27884615384615385,nan,,,,,,,,,74,104,104,0
outputs/fastf1/uncapped_full_suite/all_player_metrics/fastf1_stint_full_uncapped__inr_transformer_history_conditioned__single_shift__s1,fastf1_stint_full_uncapped_all_players,inr_transformer_history_conditioned,single_shift,1,0.08196721311475409,0.08196721311475409,0.08196721311475409,0.29508196721311475,nan,,,,,,,,,478,61,61,11
outputs/fastf1/uncapped_full_suite/all_player_metrics/fastf1_stint_full_uncapped__inr_diffusion_history_conditioned__no_shift__s1,fastf1_stint_full_uncapped_all_players,inr_diffusion_history_conditioned,no_shift,1,0.09615384615384616,0.09615384615384616,0.028846153846153848,0.21153846153846154,nan,,,,,,,,,478,104,104,0
outputs/fastf1/uncapped_full_suite/all_player_metrics/fastf1_stint_full_uncapped__inr_transformer_fitted_latent__no_shift__s0,fastf1_stint_full_uncapped_all_players,inr_transformer_fitted_latent,no_shift,0,0.2980769230769231,0.2980769230769231,0.11538461538461539,0.4519230769230769,nan,,,,,,,,,478,104,104,0
outputs/fastf1/uncapped_full_suite/all_player_metrics/fastf1_stint_full_uncapped__inr_transformer_history_conditioned__no_shift__s1,fastf1_stint_full_uncapped_all_players,inr_transformer_history_conditioned,no_shift,1,0.0673076923076923,0.0673076923076923,0.04807692307692308,0.27884615384615385,nan,,,,,,,,,478,104,104,0
outputs/fastf1/uncapped_full_suite/all_player_metrics/fastf1_stint_full_uncapped__inr_transformer_history_conditioned__no_shift__s0,fastf1_stint_full_uncapped_all_players,inr_transformer_history_conditioned,no_shift,0,0.0673076923076923,0.0673076923076923,0.038461538461538464,0.25,nan,,,,,,,,,478,104,104,0
outputs/fastf1/uncapped_full_suite/all_player_metrics/fastf1_stint_full_uncapped__cvae__new_policy__s0,fastf1_stint_full_uncapped_all_players,cvae,new_policy,0,0.23076923076923078,0.3380281690140845,0.16346153846153846,0.38461538461538464,3.056884765625,,,,,,,,,321,104,104,0
outputs/fastf1/uncapped_full_suite/all_player_metrics/fastf1_stint_full_uncapped__inr_diffusion_history_conditioned__single_shift__s1,fastf1_stint_full_uncapped_all_players,inr_diffusion_history_conditioned,single_shift,1,0.11475409836065574,0.11475409836065574,0.06557377049180328,0.22950819672131148,nan,,,,,,,,,478,61,61,11
outputs/fastf1/uncapped_full_suite/all_player_metrics/fastf1_stint_full_uncapped__inr_transformer_fitted_latent__novel_generalization__s1,fastf1_stint_full_uncapped_all_players,inr_transformer_fitted_latent,novel_generalization,1,0.0673076923076923,0.09859154929577464,0.057692307692307696,0.20192307692307693,0.0019739491399377584,,,,,,,,,51,104,104,0
outputs/fastf1/uncapped_full_suite/all_player_metrics/fastf1_stint_full_uncapped__inr_diffusion_history_conditioned__generalization__s0,fastf1_stint_full_uncapped_all_players,inr_diffusion_history_conditioned,generalization,0,0.038461538461538464,0.038461538461538464,0.0673076923076923,0.25,nan,,,,,,,,,74,104,104,0
outputs/fastf1/uncapped_full_suite/all_player_metrics/fastf1_stint_full_uncapped__inr_diffusion_history_conditioned__new_policy__s0,fastf1_stint_full_uncapped_all_players,inr_diffusion_history_conditioned,new_policy,0,0.11538461538461539,0.16901408450704225,0.0673076923076923,0.2692307692307692,0.5727537870407104,,,,,,,,,321,104,104,0
outputs/fastf1/uncapped_full_suite/all_player_metrics/fastf1_stint_full_uncapped__cvae__generalization__s1,fastf1_stint_full_uncapped_all_players,cvae,generalization,1,0.04807692307692308,0.04807692307692308,0.0673076923076923,0.21153846153846154,nan,,,,,,,,,74,104,104,0
outputs/fastf1/uncapped_full_suite/all_player_metrics/fastf1_stint_full_uncapped__inr_transformer_history_conditioned__specialization__s1,fastf1_stint_full_uncapped_all_players,inr_transformer_history_conditioned,specialization,1,0.14285714285714285,0.14285714285714285,0.09523809523809523,0.38095238095238093,nan,,,,,,,,,478,21,21,21
outputs/fastf1/uncapped_full_suite/all_player_metrics/fastf1_stint_full_uncapped__inr_diffusion_history_conditioned__single_shift__s0,fastf1_stint_full_uncapped_all_players,inr_diffusion_history_conditioned,single_shift,0,0.08196721311475409,0.08196721311475409,0.06557377049180328,0.2786885245901639,nan,,,,,,,,,478,61,61,11
outputs/fastf1/uncapped_full_suite/all_player_metrics/fastf1_stint_full_uncapped__cvae__novel_generalization__s1,fastf1_stint_full_uncapped_all_players,cvae,novel_generalization,1,0.04807692307692308,0.07042253521126761,0.038461538461538464,0.19230769230769232,3.053365707397461,,,,,,,,,51,104,104,0
outputs/fastf1/uncapped_full_suite/all_player_metrics/fastf1_stint_full_uncapped__cvae__specialization__s1,fastf1_stint_full_uncapped_all_players,cvae,specialization,1,0.14285714285714285,0.14285714285714285,0.09523809523809523,0.2857142857142857,nan,,,,,,,,,478,21,21,21
outputs/fastf1/uncapped_full_suite/all_player_metrics/fastf1_stint_full_uncapped__inr_transformer_fitted_latent__new_policy__s0,fastf1_stint_full_uncapped_all_players,inr_transformer_fitted_latent,new_policy,0,0.22115384615384615,0.323943661971831,0.16346153846153846,0.41346153846153844,0.003468671115115285,,,,,,,,,321,104,104,0
outputs/fastf1/uncapped_full_suite/all_player_metrics/fastf1_stint_full_uncapped__cvae__no_shift__s1,fastf1_stint_full_uncapped_all_players,cvae,no_shift,1,0.2403846153846154,0.2403846153846154,0.15384615384615385,0.36538461538461536,nan,,,,,,,,,478,104,104,0
outputs/fastf1/uncapped_full_suite/all_player_metrics/fastf1_stint_full_uncapped__inr_transformer_fitted_latent__generalization__s0,fastf1_stint_full_uncapped_all_players,inr_transformer_fitted_latent,generalization,0,0.019230769230769232,0.019230769230769232,0.07692307692307693,0.3076923076923077,nan,,,,,,,,,74,104,104,0
outputs/fastf1/uncapped_full_suite/all_player_metrics/fastf1_stint_full_uncapped__inr_diffusion_history_conditioned__specialization__s0,fastf1_stint_full_uncapped_all_players,inr_diffusion_history_conditioned,specialization,0,0.047619047619047616,0.047619047619047616,0.0,0.19047619047619047,nan,,,,,,,,,478,21,21,21
outputs/fastf1/uncapped_full_suite/all_player_metrics/fastf1_stint_full_uncapped__inr_transformer_fitted_latent__single_shift__s1,fastf1_stint_full_uncapped_all_players,inr_transformer_fitted_latent,single_shift,1,0.3770491803278688,0.3770491803278688,0.21311475409836064,0.4426229508196721,nan,,,,,,,,,478,61,61,11
outputs/fastf1/uncapped_full_suite/all_player_metrics/fastf1_stint_full_uncapped__inr_transformer_history_conditioned__generalization__s1,fastf1_stint_full_uncapped_all_players,inr_transformer_history_conditioned,generalization,1,0.038461538461538464,0.038461538461538464,0.038461538461538464,0.17307692307692307,nan,,,,,,,,,74,104,104,0
outputs/fastf1/uncapped_full_suite/all_player_metrics/fastf1_stint_full_uncapped__inr_diffusion_history_conditioned__novel_generalization__s0,fastf1_stint_full_uncapped_all_players,inr_diffusion_history_conditioned,novel_generalization,0,0.038461538461538464,0.056338028169014086,0.07692307692307693,0.25,1.7232576608657837,,,,,,,,,51,104,104,0
outputs/fastf1/uncapped_full_suite/all_player_metrics/fastf1_stint_full_uncapped__cvae__specialization__s0,fastf1_stint_full_uncapped_all_players,cvae,specialization,0,0.14285714285714285,0.14285714285714285,0.047619047619047616,0.2857142857142857,nan,,,,,,,,,478,21,21,21
outputs/fastf1/uncapped_full_suite/all_player_metrics/fastf1_stint_full_uncapped__inr_transformer_fitted_latent__single_shift__s0,fastf1_stint_full_uncapped_all_players,inr_transformer_fitted_latent,single_shift,0,0.32786885245901637,0.32786885245901637,0.13114754098360656,0.45901639344262296,nan,,,,,,,,,478,61,61,11
outputs/fastf1/uncapped_full_suite/all_player_metrics/fastf1_stint_full_uncapped__cvae__single_shift__s1,fastf1_stint_full_uncapped_all_players,cvae,single_shift,1,0.14754098360655737,0.14754098360655737,0.08196721311475409,0.3770491803278688,nan,,,,,,,,,478,61,61,11
outputs/fastf1/uncapped_full_suite/all_player_metrics/fastf1_stint_full_uncapped__inr_transformer_fitted_latent__no_shift__s1,fastf1_stint_full_uncapped_all_players,inr_transformer_fitted_latent,no_shift,1,0.25,0.25,0.21153846153846154,0.40384615384615385,nan,,,,,,,,,478,104,104,0
outputs/fastf1/uncapped_full_suite/all_player_metrics/fastf1_stint_full_uncapped__inr_diffusion_history_conditioned__specialization__s1,fastf1_stint_full_uncapped_all_players,inr_diffusion_history_conditioned,specialization,1,0.09523809523809523,0.09523809523809523,0.047619047619047616,0.23809523809523808,nan,,,,,,,,,478,21,21,21
outputs/fastf1/uncapped_full_suite/all_player_metrics/fastf1_stint_full_uncapped__inr_transformer_fitted_latent__specialization__s0,fastf1_stint_full_uncapped_all_players,inr_transformer_fitted_latent,specialization,0,0.047619047619047616,0.047619047619047616,0.09523809523809523,0.19047619047619047,nan,,,,,,,,,478,21,21,21
outputs/fastf1/uncapped_full_suite/all_player_metrics/fastf1_stint_full_uncapped__cvae__conflation__s0,fastf1_stint_full_uncapped_all_players,cvae,conflation,0,0.22950819672131148,0.22950819672131148,0.16393442622950818,0.4098360655737705,nan,,,,,,,,,273,61,61,11
outputs/fastf1/uncapped_full_suite/all_player_metrics/fastf1_stint_full_uncapped__inr_diffusion_history_conditioned__new_policy__s1,fastf1_stint_full_uncapped_all_players,inr_diffusion_history_conditioned,new_policy,1,0.09615384615384616,0.14084507042253522,0.08653846153846154,0.21153846153846154,1.2082594633102417,,,,,,,,,321,104,104,0
outputs/fastf1/uncapped_full_suite/all_player_metrics/fastf1_stint_full_uncapped__inr_diffusion_history_conditioned__no_shift__s0,fastf1_stint_full_uncapped_all_players,inr_diffusion_history_conditioned,no_shift,0,0.10576923076923077,0.10576923076923077,0.07692307692307693,0.22115384615384615,nan,,,,,,,,,478,104,104,0
outputs/fastf1/uncapped_full_suite/all_player_metrics/fastf1_stint_full_uncapped__cvae__no_shift__s0,fastf1_stint_full_uncapped_all_players,cvae,no_shift,0,0.2403846153846154,0.2403846153846154,0.18269230769230768,0.41346153846153844,nan,,,,,,,,,478,104,104,0
outputs/fastf1/uncapped_full_suite/all_player_metrics/fastf1_stint_full_uncapped__inr_transformer_history_conditioned__conflation__s0,fastf1_stint_full_uncapped_all_players,inr_transformer_history_conditioned,conflation,0,0.14754098360655737,0.14754098360655737,0.09836065573770492,0.4262295081967213,nan,,,,,,,,,273,61,61,11
outputs/fastf1/uncapped_full_suite/all_player_metrics/fastf1_stint_full_uncapped__cvae__novel_generalization__s0,fastf1_stint_full_uncapped_all_players,cvae,novel_generalization,0,0.038461538461538464,0.056338028169014086,0.07692307692307693,0.21153846153846154,3.206425666809082,,,,,,,,,51,104,104,0
outputs/fastf1/uncapped_full_suite/all_player_metrics/fastf1_stint_full_uncapped__cvae__conflation__s1,fastf1_stint_full_uncapped_all_players,cvae,conflation,1,0.14754098360655737,0.14754098360655737,0.14754098360655737,0.39344262295081966,nan,,,,,,,,,273,61,61,11
outputs/fastf1/uncapped_full_suite/all_player_metrics/fastf1_stint_full_uncapped__inr_diffusion_history_conditioned__conflation__s1,fastf1_stint_full_uncapped_all_players,inr_diffusion_history_conditioned,conflation,1,0.18032786885245902,0.18032786885245902,0.06557377049180328,0.29508196721311475,nan,,,,,,,,,273,61,61,11
outputs/fastf1/uncapped_full_suite/all_player_metrics/fastf1_stint_full_uncapped__inr_transformer_fitted_latent__novel_generalization__s0,fastf1_stint_full_uncapped_all_players,inr_transformer_fitted_latent,novel_generalization,0,0.038461538461538464,0.056338028169014086,0.04807692307692308,0.2692307692307692,0.0019847776275128126,,,,,,,,,51,104,104,0
outputs/fastf1/uncapped_full_suite/all_player_metrics/fastf1_stint_full_uncapped__inr_transformer_history_conditioned__new_policy__s0,fastf1_stint_full_uncapped_all_players,inr_transformer_history_conditioned,new_policy,0,0.1346153846153846,0.19718309859154928,0.09615384615384616,0.27884615384615385,2.4454965591430664,,,,,,,,,321,104,104,0
outputs/fastf1/uncapped_full_suite/all_player_metrics/fastf1_stint_full_uncapped__inr_transformer_fitted_latent__conflation__s0,fastf1_stint_full_uncapped_all_players,inr_transformer_fitted_latent,conflation,0,0.36065573770491804,0.36065573770491804,0.21311475409836064,0.5573770491803278,nan,,,,,,,,,273,61,61,11
outputs/fastf1/uncapped_full_suite/all_player_metrics/fastf1_stint_full_uncapped__cvae__new_policy__s1,fastf1_stint_full_uncapped_all_players,cvae,new_policy,1,0.16346153846153846,0.23943661971830985,0.11538461538461539,0.34615384615384615,2.8365590572357178,,,,,,,,,321,104,104,0
outputs/fastf1/uncapped_full_suite/all_player_metrics/fastf1_stint_full_uncapped__inr_transformer_history_conditioned__conflation__s1,fastf1_stint_full_uncapped_all_players,inr_transformer_history_conditioned,conflation,1,0.18032786885245902,0.18032786885245902,0.06557377049180328,0.2459016393442623,nan,,,,,,,,,273,61,61,11
outputs/fastf1/uncapped_full_suite/all_player_metrics/fastf1_stint_full_uncapped__inr_diffusion_history_conditioned__generalization__s1,fastf1_stint_full_uncapped_all_players,inr_diffusion_history_conditioned,generalization,1,0.057692307692307696,0.057692307692307696,0.038461538461538464,0.2403846153846154,nan,,,,,,,,,74,104,104,0
outputs/fastf1/uncapped_full_suite/all_player_metrics/fastf1_stint_full_uncapped__inr_transformer_fitted_latent__new_policy__s1,fastf1_stint_full_uncapped_all_players,inr_transformer_fitted_latent,new_policy,1,0.2692307692307692,0.39436619718309857,0.21153846153846154,0.34615384615384615,0.002203800715506077,,,,,,,,,321,104,104,0
outputs/fastf1/uncapped_full_suite/all_player_metrics/fastf1_stint_full_uncapped__inr_transformer_fitted_latent__generalization__s1,fastf1_stint_full_uncapped_all_players,inr_transformer_fitted_latent,generalization,1,0.08653846153846154,0.08653846153846154,0.0673076923076923,0.19230769230769232,nan,,,,,,,,,74,104,104,0
outputs/fastf1/uncapped_full_suite/all_player_metrics/fastf1_stint_full_uncapped__inr_transformer_fitted_latent__specialization__s1,fastf1_stint_full_uncapped_all_players,inr_transformer_fitted_latent,specialization,1,0.3333333333333333,0.3333333333333333,0.14285714285714285,0.42857142857142855,nan,,,,,,,,,478,21,21,21
outputs/fastf1/uncapped_full_suite/all_player_metrics/fastf1_stint_full_uncapped__inr_transformer_history_conditioned__specialization__s0,fastf1_stint_full_uncapped_all_players,inr_transformer_history_conditioned,specialization,0,0.09523809523809523,0.09523809523809523,0.0,0.23809523809523808,nan,,,,,,,,,478,21,21,21
outputs/fastf1/uncapped_full_suite/all_player_metrics/fastf1_stint_full_uncapped__inr_diffusion_history_conditioned__conflation__s0,fastf1_stint_full_uncapped_all_players,inr_diffusion_history_conditioned,conflation,0,0.22950819672131148,0.22950819672131148,0.08196721311475409,0.4098360655737705,nan,,,,,,,,,273,61,61,11
outputs/fastf1/uncapped_full_suite/all_player_metrics/fastf1_stint_full_uncapped__inr_transformer_history_conditioned__novel_generalization__s1,fastf1_stint_full_uncapped_all_players,inr_transformer_history_conditioned,novel_generalization,1,0.038461538461538464,0.056338028169014086,0.038461538461538464,0.17307692307692307,5.63110876083374,,,,,,,,,51,104,104,0
outputs/fastf1/uncapped_full_suite/all_player_metrics/fastf1_stint_full_uncapped__inr_transformer_fitted_latent__conflation__s1,fastf1_stint_full_uncapped_all_players,inr_transformer_fitted_latent,conflation,1,0.22950819672131148,0.22950819672131148,0.14754098360655737,0.4426229508196721,nan,,,,,,,,,273,61,61,11
outputs/fastf1/uncapped_full_suite/all_player_metrics/fastf1_stint_full_uncapped__cvae__single_shift__s0,fastf1_stint_full_uncapped_all_players,cvae,single_shift,0,0.26229508196721313,0.26229508196721313,0.16393442622950818,0.45901639344262296,nan,,,,,,,,,478,61,61,11
outputs/fastf1/uncapped_full_suite/all_player_metrics/fastf1_stint_full_uncapped__inr_transformer_history_conditioned__single_shift__s0,fastf1_stint_full_uncapped_all_players,inr_transformer_history_conditioned,single_shift,0,0.11475409836065574,0.11475409836065574,0.11475409836065574,0.29508196721311475,nan,,,,,,,,,478,61,61,11
outputs/fastf1/uncapped_full_suite/all_player_metrics/fastf1_stint_full_uncapped__inr_transformer_history_conditioned__novel_generalization__s0,fastf1_stint_full_uncapped_all_players,inr_transformer_history_conditioned,novel_generalization,0,0.07692307692307693,0.11267605633802817,0.07692307692307693,0.19230769230769232,5.671847820281982,,,,,,,,,51,104,104,0
outputs/fastf1/uncapped_full_suite/all_player_metrics/fastf1_stint_full_uncapped__inr_transformer_history_conditioned__new_policy__s1,fastf1_stint_full_uncapped_all_players,inr_transformer_history_conditioned,new_policy,1,0.07692307692307693,0.11267605633802817,0.07692307692307693,0.23076923076923078,2.6897027492523193,,,,,,,,,321,104,104,0
outputs/fastf1/uncapped_full_suite/all_player_metrics/fastf1_stint_full_uncapped__inr_diffusion_history_conditioned__novel_generalization__s1,fastf1_stint_full_uncapped_all_players,inr_diffusion_history_conditioned,novel_generalization,1,0.057692307692307696,0.08450704225352113,0.04807692307692308,0.21153846153846154,1.9674628973007202,,,,,,,,,51,104,104,0
