run_dir,data,model,experiment,seed,probe_acc,probe_acc_seen,novel_mean_embed_dist,gen_mse,gen_nmse,gen_median_se,gen_rmse,gen_acc,gen_nll,finite_fraction,target_var,n_train_episodes,n_test_episodes,n_test_episodes_used,n_test_ood
outputs/custom_mujoco_suite/custom_mujoco_walker2d__inr_transformer_fitted_latent__novel_generalization__s0,custom_mujoco_walker2d,inr_transformer_fitted_latent,novel_generalization,0,0.3333333333333333,0.5,0.08703964948654175,0.525734007358551,0.49208476025014825,0.20599913597106934,0.725075173591367,,,1.0,1.0683809982070922,180,117,117,0
outputs/custom_mujoco_suite/custom_mujoco_halfcheetah__inr_transformer_fitted_latent__new_policy__s0,custom_mujoco_halfcheetah,inr_transformer_fitted_latent,new_policy,0,0.3333333333333333,0.5,0.07168308645486832,0.2347441166639328,0.23000596462428313,0.01720278337597847,0.48450399034882347,,,1.0,1.0206001268157958,358,117,117,0
outputs/custom_mujoco_suite/custom_mujoco_humanoid__inr_transformer_history_conditioned__no_shift__s0,custom_mujoco_humanoid,inr_transformer_history_conditioned,no_shift,0,1.0,1.0,nan,0.1685950607061386,0.1619577384859591,0.0890689268708229,0.4106032887181234,,,1.0,1.040981815887451,358,78,78,0
outputs/custom_mujoco_suite/custom_mujoco_walker2d__inr_transformer_history_conditioned__generalization__s1,custom_mujoco_walker2d,inr_transformer_history_conditioned,generalization,1,0.9871794871794872,0.9871794871794872,nan,0.15426748991012573,0.1569048473669932,0.05605396628379822,0.3927690032450699,,,1.0,0.9831913576850891,180,78,78,0
outputs/custom_mujoco_suite/custom_mujoco_humanoid__inr_transformer_fitted_latent__specialization__s0,custom_mujoco_humanoid,inr_transformer_fitted_latent,specialization,0,0.5526315789473685,0.5526315789473685,nan,0.22254014015197754,0.20978229978575888,0.08702722191810608,0.47174160316001124,,,1.0,1.0608146653900146,358,38,38,38
outputs/custom_mujoco_suite/custom_mujoco_ant__inr_diffusion_history_conditioned__new_policy__s1,custom_mujoco_ant,inr_diffusion_history_conditioned,new_policy,1,0.6666666666666666,1.0,7.417143821716309,1.2232375144958496,1.0817571588427077,0.7411629557609558,1.1060006846724144,,,1.0,1.1307875381240844,358,117,117,0
outputs/custom_mujoco_suite/custom_mujoco_humanoid__inr_diffusion_history_conditioned__generalization__s0,custom_mujoco_humanoid,inr_diffusion_history_conditioned,generalization,0,1.0,1.0,nan,0.9355049133300781,0.9376595532890526,0.764556348323822,0.9672150295203638,,,1.0,0.997702108455658,180,78,78,0
outputs/custom_mujoco_suite/custom_mujoco_halfcheetah__inr_diffusion_history_conditioned__conflation__s0,custom_mujoco_halfcheetah,inr_diffusion_history_conditioned,conflation,0,1.0,1.0,nan,0.6243965029716492,0.6186874532555289,0.3143208920955658,0.7901876378251239,,,1.0,1.0092276798019408,269,58,58,19
outputs/custom_mujoco_suite/custom_mujoco_halfcheetah__cvae__no_shift__s1,custom_mujoco_halfcheetah,cvae,no_shift,1,1.0,1.0,nan,0.05214493349194527,0.051660992352258246,0.012239879928529263,0.2283526515982358,,,1.0,1.0093676315078735,358,78,78,0
outputs/custom_mujoco_suite/custom_mujoco_ant__cvae__novel_generalization__s0,custom_mujoco_ant,cvae,novel_generalization,0,0.6666666666666666,1.0,3.441054582595825,0.9588170051574707,0.841985052098726,0.28593069314956665,0.9791920164898561,,,1.0,1.13875775201416,180,117,117,0
outputs/custom_mujoco_suite/custom_mujoco_humanoid__inr_transformer_history_conditioned__generalization__s1,custom_mujoco_humanoid,inr_transformer_history_conditioned,generalization,1,1.0,1.0,nan,0.22996482253074646,0.2294598071420939,0.12437737733125687,0.47954647588189664,,,1.0,1.00220088822937,180,78,78,0
outputs/custom_mujoco_suite/custom_mujoco_walker2d__cvae__novel_generalization__s0,custom_mujoco_walker2d,cvae,novel_generalization,0,0.6495726495726496,0.9743589743589743,2.318596601486206,0.5360159873962402,0.5017086491577046,0.2731229066848755,0.7321311271870908,,,1.0,1.0683809982070922,180,117,117,0
outputs/custom_mujoco_suite/custom_mujoco_hopper__cvae__generalization__s0,custom_mujoco_hopper,cvae,generalization,0,1.0,1.0,nan,0.3670608401298523,0.37564029908485286,0.19193480908870697,0.6058554614178635,,,1.0,0.9771604405174256,180,78,78,0
outputs/custom_mujoco_suite/custom_mujoco_hopper__inr_transformer_history_conditioned__single_shift__s1,custom_mujoco_hopper,inr_transformer_history_conditioned,single_shift,1,1.0,1.0,nan,0.09494796395301819,0.08881915196664816,0.03420477360486984,0.30813627497102347,,,1.0,1.0690032706985473,358,58,58,19
outputs/custom_mujoco_suite/custom_mujoco_hopper__inr_transformer_fitted_latent__specialization__s0,custom_mujoco_hopper,inr_transformer_fitted_latent,specialization,0,0.6578947368421053,0.6578947368421053,nan,0.21607083082199097,0.2238544007430457,0.07335741072893143,0.46483419713053703,,,1.0,0.9652293191680908,358,38,38,38
outputs/custom_mujoco_suite/custom_mujoco_humanoid__inr_transformer_history_conditioned__generalization__s0,custom_mujoco_humanoid,inr_transformer_history_conditioned,generalization,0,1.0,1.0,nan,0.2491765320301056,0.24975043143469514,0.1321825087070465,0.49917585281151733,,,1.0,0.997702108455658,180,78,78,0
outputs/custom_mujoco_suite/custom_mujoco_ant__cvae__single_shift__s1,custom_mujoco_ant,cvae,single_shift,1,1.0,1.0,nan,0.20045512914657593,0.20208145890734458,0.12251868098974228,0.44772215619352135,,,1.0,0.9919521079788208,358,58,58,19
outputs/custom_mujoco_suite/custom_mujoco_hopper__inr_diffusion_history_conditioned__single_shift__s1,custom_mujoco_hopper,inr_diffusion_history_conditioned,single_shift,1,1.0,1.0,nan,0.7946330308914185,0.7433401306360459,0.3062404692173004,0.8914219151958395,,,1.0,1.0690032706985473,358,58,58,19
outputs/custom_mujoco_suite/custom_mujoco_halfcheetah__inr_transformer_fitted_latent__no_shift__s0,custom_mujoco_halfcheetah,inr_transformer_fitted_latent,no_shift,0,0.5,0.5,nan,0.04767874255776405,0.04739885987096256,0.006874110549688339,0.21835462568437622,,,1.0,1.0059048400650024,358,78,78,0
outputs/custom_mujoco_suite/custom_mujoco_walker2d__cvae__new_policy__s1,custom_mujoco_walker2d,cvae,new_policy,1,0.6666666666666666,1.0,2.4567668437957764,0.42896541953086853,0.3922646170972221,0.1750953197479248,0.6549545171467012,,,1.0,1.0935613380203246,358,117,117,0
outputs/custom_mujoco_suite/custom_mujoco_walker2d__inr_transformer_fitted_latent__new_policy__s1,custom_mujoco_walker2d,inr_transformer_fitted_latent,new_policy,1,0.358974358974359,0.5384615384615384,0.12822042405605316,0.44086381793022156,0.40314502954934184,0.11083974689245224,0.6639757660714897,,,1.0,1.0935613380203246,358,117,117,0
outputs/custom_mujoco_suite/custom_mujoco_ant__inr_diffusion_history_conditioned__specialization__s0,custom_mujoco_ant,inr_diffusion_history_conditioned,specialization,0,1.0,1.0,nan,0.718312680721283,0.7329936071111183,0.4218178987503052,0.8475332918070434,,,1.0,0.9799712763557434,358,38,38,38
outputs/custom_mujoco_suite/custom_mujoco_halfcheetah__inr_transformer_history_conditioned__specialization__s1,custom_mujoco_halfcheetah,inr_transformer_history_conditioned,specialization,1,1.0,1.0,nan,0.14524206519126892,0.14141496070222798,0.010749132372438908,0.38110636991694186,,,1.0,1.0270629392395019,358,38,38,38
outputs/custom_mujoco_suite/custom_mujoco_humanoid__cvae__single_shift__s1,custom_mujoco_humanoid,cvae,single_shift,1,1.0,1.0,nan,0.22693806886672974,0.21562667854832177,0.11593176424503326,0.47638017262133164,,,1.0,1.0524582134017944,358,58,58,19
outputs/custom_mujoco_suite/custom_mujoco_halfcheetah__inr_diffusion_history_conditioned__novel_generalization__s1,custom_mujoco_halfcheetah,inr_diffusion_history_conditioned,novel_generalization,1,0.6666666666666666,1.0,4.955928802490234,0.8171420693397522,0.8106215814537756,0.6250303387641907,0.9039591082232382,,,1.0,1.008043812347412,180,117,117,0
outputs/custom_mujoco_suite/custom_mujoco_halfcheetah__inr_transformer_history_conditioned__conflation__s0,custom_mujoco_halfcheetah,inr_transformer_history_conditioned,conflation,0,1.0,1.0,nan,0.0534520260989666,0.05296329774611064,0.00669656740501523,0.2311969422353302,,,1.0,1.0092276798019408,269,58,58,19
outputs/custom_mujoco_suite/custom_mujoco_hopper__cvae__specialization__s1,custom_mujoco_hopper,cvae,specialization,1,1.0,1.0,nan,0.3506111800670624,0.36098997011221146,0.13807731866836548,0.5921242944408398,,,1.0,0.9712490902671814,358,38,38,38
outputs/custom_mujoco_suite/custom_mujoco_halfcheetah__inr_transformer_history_conditioned__generalization__s0,custom_mujoco_halfcheetah,inr_transformer_history_conditioned,generalization,0,1.0,1.0,nan,0.07077861577272415,0.07065389063725191,0.015650099143385887,0.2660425074545873,,,1.0,1.0017652974853515,180,78,78,0
outputs/custom_mujoco_suite/custom_mujoco_walker2d__inr_diffusion_history_conditioned__conflation__s1,custom_mujoco_walker2d,inr_diffusion_history_conditioned,conflation,1,1.0,1.0,nan,0.6597705483436584,0.6392703130798081,0.36408451199531555,0.8122626104553,,,1.0,1.0320681796798705,269,58,58,19
outputs/custom_mujoco_suite/custom_mujoco_humanoid__inr_transformer_fitted_latent__conflation__s1,custom_mujoco_humanoid,inr_transformer_fitted_latent,conflation,1,0.6724137931034483,0.6724137931034483,nan,0.20794609189033508,0.19702228483150724,0.09598056972026825,0.456011065534966,,,1.0,1.055444525314331,269,58,58,19
outputs/custom_mujoco_suite/custom_mujoco_humanoid__inr_diffusion_history_conditioned__new_policy__s0,custom_mujoco_humanoid,inr_diffusion_history_conditioned,new_policy,0,0.6666666666666666,1.0,5.077596664428711,1.1794229745864868,1.0036556887595631,0.9215683341026306,1.086012419167703,,,1.0,1.1751270757446288,358,117,117,0
outputs/custom_mujoco_suite/custom_mujoco_halfcheetah__inr_diffusion_history_conditioned__single_shift__s1,custom_mujoco_halfcheetah,inr_diffusion_history_conditioned,single_shift,1,1.0,1.0,nan,0.49122491478919983,0.479695703311359,0.18731677532196045,0.7008743930186063,,,1.0,1.0240344272384643,358,58,58,19
outputs/custom_mujoco_suite/custom_mujoco_halfcheetah__inr_transformer_history_conditioned__no_shift__s0,custom_mujoco_halfcheetah,inr_transformer_history_conditioned,no_shift,0,1.0,1.0,nan,0.03644900768995285,0.0362350455412835,0.004726474639028311,0.19091623212800124,,,1.0,1.0059048400650024,358,78,78,0
outputs/custom_mujoco_suite/custom_mujoco_ant__cvae__novel_generalization__s1,custom_mujoco_ant,cvae,novel_generalization,1,0.6581196581196581,0.9871794871794872,2.622004747390747,92587960.0,80771544.80554183,0.3057422339916229,9622.26376691057,,,1.0,1.14629428250885,180,117,117,0
outputs/custom_mujoco_suite/custom_mujoco_hopper__cvae__novel_generalization__s1,custom_mujoco_hopper,cvae,novel_generalization,1,0.6666666666666666,1.0,2.7946817874908447,0.9536188840866089,0.7728905526844967,0.3656162917613983,0.9765341182399153,,,1.0,1.2338343129882812,180,117,117,0
outputs/custom_mujoco_suite/custom_mujoco_walker2d__inr_transformer_history_conditioned__specialization__s1,custom_mujoco_walker2d,inr_transformer_history_conditioned,specialization,1,0.9473684210526315,0.9473684210526315,nan,0.23860806226730347,0.21543646794689286,0.05765169858932495,0.48847524222554356,,,1.0,1.1075565086135863,358,38,38,38
outputs/custom_mujoco_suite/custom_mujoco_ant__inr_transformer_history_conditioned__no_shift__s1,custom_mujoco_ant,inr_transformer_history_conditioned,no_shift,1,1.0,1.0,nan,0.12656269967556,0.1256279804004725,0.048812657594680786,0.3557565174041932,,,1.0,1.007440374923706,358,78,78,0
outputs/custom_mujoco_suite/custom_mujoco_halfcheetah__cvae__conflation__s0,custom_mujoco_halfcheetah,cvae,conflation,0,1.0,1.0,nan,0.09938585758209229,0.098477142047468,0.018039366230368614,0.315255226097986,,,1.0,1.0092276798019408,269,58,58,19
outputs/custom_mujoco_suite/custom_mujoco_humanoid__inr_transformer_fitted_latent__generalization__s0,custom_mujoco_humanoid,inr_transformer_fitted_latent,generalization,0,0.5128205128205128,0.5128205128205128,nan,0.25002479553222656,0.25060064864375164,0.13642001152038574,0.5000247949174387,,,1.0,0.997702108455658,180,78,78,0
outputs/custom_mujoco_suite/custom_mujoco_ant__inr_diffusion_history_conditioned__generalization__s0,custom_mujoco_ant,inr_diffusion_history_conditioned,generalization,0,1.0,1.0,nan,0.8756198883056641,0.8703749428278668,0.5780357718467712,0.9357456322664104,,,1.0,1.0060260759124755,180,78,78,0
outputs/custom_mujoco_suite/custom_mujoco_halfcheetah__inr_diffusion_history_conditioned__specialization__s0,custom_mujoco_halfcheetah,inr_diffusion_history_conditioned,specialization,0,1.0,1.0,nan,0.6278324723243713,0.6083497652420871,0.33028075098991394,0.7923588027682732,,,1.0,1.0320255027542113,358,38,38,38
outputs/custom_mujoco_suite/custom_mujoco_hopper__inr_transformer_history_conditioned__new_policy__s1,custom_mujoco_hopper,inr_transformer_history_conditioned,new_policy,1,0.6581196581196581,0.9871794871794872,5.260243892669678,0.5501366257667542,0.4403455880644055,0.06205066666007042,0.741711956062968,,,1.0,1.2493292556533813,358,117,117,0
outputs/custom_mujoco_suite/custom_mujoco_humanoid__cvae__generalization__s0,custom_mujoco_humanoid,cvae,generalization,0,1.0,1.0,nan,0.3019993007183075,0.30269486067917795,0.1857750564813614,0.5495446303243328,,,1.0,0.997702108455658,180,78,78,0
outputs/custom_mujoco_suite/custom_mujoco_walker2d__cvae__new_policy__s0,custom_mujoco_walker2d,cvae,new_policy,0,0.6666666666666666,1.0,2.5015623569488525,0.518878698348999,0.45469757374910924,0.20893435180187225,0.7203323527018615,,,1.0,1.1411512361297607,358,117,117,0
outputs/custom_mujoco_suite/custom_mujoco_hopper__inr_diffusion_history_conditioned__no_shift__s1,custom_mujoco_hopper,inr_diffusion_history_conditioned,no_shift,1,0.9743589743589743,0.9743589743589743,nan,0.7325725555419922,0.7327979008928748,0.24508947134017944,0.8559045247818194,,,1.0,0.9996924863586426,358,78,78,0
outputs/custom_mujoco_suite/custom_mujoco_hopper__cvae__single_shift__s0,custom_mujoco_hopper,cvae,single_shift,0,1.0,1.0,nan,0.3720204830169678,0.35131226077149225,0.18093542754650116,0.609934818662591,,,1.0,1.0589453445205688,358,58,58,19
outputs/custom_mujoco_suite/custom_mujoco_ant__inr_transformer_history_conditioned__generalization__s0,custom_mujoco_ant,inr_transformer_history_conditioned,generalization,0,1.0,1.0,nan,0.1486223191022873,0.147732074407202,0.07295101881027222,0.3855156535113552,,,1.0,1.0060260759124755,180,78,78,0
outputs/custom_mujoco_suite/custom_mujoco_hopper__inr_transformer_fitted_latent__generalization__s0,custom_mujoco_hopper,inr_transformer_fitted_latent,generalization,0,0.5,0.5,nan,0.2036120891571045,0.2083711954705083,0.08579283952713013,0.4512339627699853,,,1.0,0.9771604405174256,180,78,78,0
outputs/custom_mujoco_suite/custom_mujoco_ant__inr_transformer_fitted_latent__single_shift__s0,custom_mujoco_ant,inr_transformer_fitted_latent,single_shift,0,0.3275862068965517,0.3275862068965517,nan,0.22575563192367554,0.22485591457444448,0.1448330283164978,0.4751374873904137,,,1.0,1.0040013061294555,358,58,58,19
outputs/custom_mujoco_suite/custom_mujoco_halfcheetah__inr_diffusion_history_conditioned__conflation__s1,custom_mujoco_halfcheetah,inr_diffusion_history_conditioned,conflation,1,1.0,1.0,nan,0.588476836681366,0.5838880384296092,0.27403056621551514,0.767122439172109,,,1.0,1.0078590379486083,269,58,58,19
outputs/custom_mujoco_suite/custom_mujoco_ant__inr_transformer_history_conditioned__specialization__s1,custom_mujoco_ant,inr_transformer_history_conditioned,specialization,1,1.0,1.0,nan,0.10614088177680969,0.10713453249915786,0.05269252136349678,0.3257926975498525,,,1.0,0.9907252059707642,358,38,38,38
outputs/custom_mujoco_suite/custom_mujoco_hopper__inr_diffusion_history_conditioned__conflation__s0,custom_mujoco_hopper,inr_diffusion_history_conditioned,conflation,0,1.0,1.0,nan,0.8010547757148743,0.8202094144919599,0.32783350348472595,0.895016634323002,,,1.0,0.9766466484794617,269,58,58,19
outputs/custom_mujoco_suite/custom_mujoco_walker2d__inr_diffusion_history_conditioned__single_shift__s1,custom_mujoco_walker2d,inr_diffusion_history_conditioned,single_shift,1,1.0,1.0,nan,0.6836084127426147,0.6481113298315553,0.3675796687602997,0.8268061518533922,,,1.0,1.0547700391540527,358,58,58,19
outputs/custom_mujoco_suite/custom_mujoco_ant__cvae__specialization__s1,custom_mujoco_ant,cvae,specialization,1,1.0,1.0,nan,0.20017607510089874,0.20205004767669738,0.12154383212327957,0.44741041013916827,,,1.0,0.9907252059707642,358,38,38,38
outputs/custom_mujoco_suite/custom_mujoco_halfcheetah__inr_transformer_fitted_latent__generalization__s0,custom_mujoco_halfcheetah,inr_transformer_fitted_latent,generalization,0,0.5,0.5,nan,0.0661800429224968,0.06606342133094756,0.017055392265319824,0.25725482098980534,,,1.0,1.0017652974853515,180,78,78,0
outputs/custom_mujoco_suite/custom_mujoco_halfcheetah__inr_transformer_fitted_latent__novel_generalization__s1,custom_mujoco_halfcheetah,inr_transformer_fitted_latent,novel_generalization,1,0.3333333333333333,0.5,0.06101832538843155,0.23317040503025055,0.23130979246553893,0.04052035138010979,0.48287721527345906,,,1.0,1.008043812347412,180,117,117,0
outputs/custom_mujoco_suite/custom_mujoco_hopper__inr_transformer_fitted_latent__novel_generalization__s1,custom_mujoco_hopper,inr_transformer_fitted_latent,novel_generalization,1,0.3333333333333333,0.5,0.0439690537750721,0.7703219056129456,0.6243317255031324,0.19320835173130035,0.8776798423189094,,,1.0,1.2338343129882812,180,117,117,0
outputs/custom_mujoco_suite/custom_mujoco_walker2d__inr_transformer_history_conditioned__single_shift__s1,custom_mujoco_walker2d,inr_transformer_history_conditioned,single_shift,1,0.9827586206896551,0.9827586206896551,nan,0.1167273074388504,0.1106661197283041,0.03381981700658798,0.34165378300093563,,,1.0,1.0547700391540527,358,58,58,19
outputs/custom_mujoco_suite/custom_mujoco_humanoid__inr_transformer_history_conditioned__new_policy__s1,custom_mujoco_humanoid,inr_transformer_history_conditioned,new_policy,1,0.6666666666666666,1.0,3.6764299869537354,0.5729008316993713,0.4971533566106865,0.17397275567054749,0.7569021282169652,,,1.0,1.1523623929748534,358,117,117,0
outputs/custom_mujoco_suite/custom_mujoco_ant__inr_transformer_fitted_latent__no_shift__s1,custom_mujoco_ant,inr_transformer_fitted_latent,no_shift,1,0.6794871794871795,0.6794871794871795,nan,0.22936370968818665,0.22766976130528468,0.1300809681415558,0.4789193143820644,,,1.0,1.007440374923706,358,78,78,0
outputs/custom_mujoco_suite/custom_mujoco_ant__inr_transformer_fitted_latent__novel_generalization__s1,custom_mujoco_ant,inr_transformer_fitted_latent,novel_generalization,1,0.6581196581196581,0.9871794871794872,0.2178165167570114,0.8717560172080994,0.7604993154987397,0.2918315529823303,0.9336787548231454,,,1.0,1.14629428250885,180,117,117,0
outputs/custom_mujoco_suite/custom_mujoco_humanoid__inr_diffusion_history_conditioned__generalization__s1,custom_mujoco_humanoid,inr_diffusion_history_conditioned,generalization,1,0.9871794871794872,0.9871794871794872,nan,0.910119891166687,0.9081212178674414,0.7362814545631409,0.9540020393933585,,,1.0,1.00220088822937,180,78,78,0
outputs/custom_mujoco_suite/custom_mujoco_hopper__inr_diffusion_history_conditioned__specialization__s0,custom_mujoco_hopper,inr_diffusion_history_conditioned,specialization,0,1.0,1.0,nan,0.7935981750488281,0.8221861471560067,0.30342790484428406,0.8908412737681322,,,1.0,0.9652293191680908,358,38,38,38
outputs/custom_mujoco_suite/custom_mujoco_walker2d__inr_transformer_fitted_latent__new_policy__s0,custom_mujoco_walker2d,inr_transformer_fitted_latent,new_policy,0,0.3333333333333333,0.5,0.12173229455947876,0.5171870589256287,0.45321517652618937,0.12613897025585175,0.7191571865215759,,,1.0,1.1411512361297607,358,117,117,0
outputs/custom_mujoco_suite/custom_mujoco_ant__cvae__generalization__s1,custom_mujoco_ant,cvae,generalization,1,0.9871794871794872,0.9871794871794872,nan,139201920.0,136505363.33583623,0.15789249539375305,11798.386330341958,,,1.0,1.0197542176971435,180,78,78,0
outputs/custom_mujoco_suite/custom_mujoco_walker2d__inr_transformer_history_conditioned__novel_generalization__s1,custom_mujoco_walker2d,inr_transformer_history_conditioned,novel_generalization,1,0.6581196581196581,0.9871794871794872,5.617088317871094,0.3386511206626892,0.31979800119439017,0.11299595236778259,0.5819373855172816,,,1.0,1.0589532123336791,180,117,117,0
outputs/custom_mujoco_suite/custom_mujoco_walker2d__inr_transformer_history_conditioned__no_shift__s0,custom_mujoco_walker2d,inr_transformer_history_conditioned,no_shift,0,0.9871794871794872,0.9871794871794872,nan,0.1259375512599945,0.119994814134928,0.030791407451033592,0.3548768113867043,,,1.0,1.0495249496231078,358,78,78,0
outputs/custom_mujoco_suite/custom_mujoco_humanoid__inr_transformer_history_conditioned__single_shift__s1,custom_mujoco_humanoid,inr_transformer_history_conditioned,single_shift,1,1.0,1.0,nan,0.187240332365036,0.17790761664525462,0.07999926060438156,0.4327127596512911,,,1.0,1.0524582134017944,358,58,58,19
outputs/custom_mujoco_suite/custom_mujoco_hopper__inr_transformer_history_conditioned__specialization__s1,custom_mujoco_hopper,inr_transformer_history_conditioned,specialization,1,1.0,1.0,nan,0.1551937460899353,0.15978779042896502,0.04041086509823799,0.3939463746373804,,,1.0,0.9712490902671814,358,38,38,38
outputs/custom_mujoco_suite/custom_mujoco_ant__inr_transformer_history_conditioned__new_policy__s1,custom_mujoco_ant,inr_transformer_history_conditioned,new_policy,1,0.6666666666666666,1.0,6.539417266845703,0.9051958322525024,0.8005003607964885,0.10355642437934875,0.9514178011013366,,,1.0,1.1307875381240844,358,117,117,0
outputs/custom_mujoco_suite/custom_mujoco_ant__cvae__generalization__s0,custom_mujoco_ant,cvae,generalization,0,1.0,1.0,nan,0.24399138987064362,0.24252988636436787,0.15117183327674866,0.49395484598356115,,,1.0,1.0060260759124755,180,78,78,0
outputs/custom_mujoco_suite/custom_mujoco_halfcheetah__inr_transformer_history_conditioned__specialization__s0,custom_mujoco_halfcheetah,inr_transformer_history_conditioned,specialization,0,0.9736842105263158,0.9736842105263158,nan,0.14400862157344818,0.13953978965551347,0.007997618056833744,0.379484678970638,,,1.0,1.0320255027542113,358,38,38,38
outputs/custom_mujoco_suite/custom_mujoco_humanoid__inr_transformer_history_conditioned__new_policy__s0,custom_mujoco_humanoid,inr_transformer_history_conditioned,new_policy,0,0.6666666666666666,1.0,4.621843338012695,0.5875896215438843,0.5000221964688826,0.1948825865983963,0.7665439462574107,,,1.0,1.1751270757446288,358,117,117,0
outputs/custom_mujoco_suite/custom_mujoco_humanoid__inr_transformer_fitted_latent__novel_generalization__s1,custom_mujoco_humanoid,inr_transformer_fitted_latent,novel_generalization,1,0.3333333333333333,0.5,0.04717515408992767,0.5911794900894165,0.5231469750943563,0.27030956745147705,0.7688819740957753,,,1.0,1.1300447450408935,180,117,117,0
outputs/custom_mujoco_suite/custom_mujoco_hopper__inr_transformer_history_conditioned__single_shift__s0,custom_mujoco_hopper,inr_transformer_history_conditioned,single_shift,0,1.0,1.0,nan,0.11236356943845749,0.10610894133476684,0.04080265015363693,0.3352067562541923,,,1.0,1.0589453445205688,358,58,58,19
outputs/custom_mujoco_suite/custom_mujoco_humanoid__inr_diffusion_history_conditioned__no_shift__s0,custom_mujoco_humanoid,inr_diffusion_history_conditioned,no_shift,0,1.0,1.0,nan,0.8821632862091064,0.8474339059007003,0.6712801456451416,0.9392354796370858,,,1.0,1.040981815887451,358,78,78,0
outputs/custom_mujoco_suite/custom_mujoco_hopper__inr_diffusion_history_conditioned__no_shift__s0,custom_mujoco_hopper,inr_diffusion_history_conditioned,no_shift,0,1.0,1.0,nan,0.7354120016098022,0.7503732607968796,0.2640320062637329,0.8575616605293186,,,1.0,0.9800615773925782,358,78,78,0
outputs/custom_mujoco_suite/custom_mujoco_humanoid__inr_transformer_fitted_latent__generalization__s1,custom_mujoco_humanoid,inr_transformer_fitted_latent,generalization,1,0.5,0.5,nan,0.22894339263439178,0.22844062036192722,0.12549930810928345,0.4784802949280062,,,1.0,1.00220088822937,180,78,78,0
outputs/custom_mujoco_suite/custom_mujoco_hopper__inr_transformer_fitted_latent__specialization__s1,custom_mujoco_hopper,inr_transformer_fitted_latent,specialization,1,0.5,0.5,nan,0.2256164848804474,0.23229518270990857,0.07119958847761154,0.4749910366316899,,,1.0,0.9712490902671814,358,38,38,38
outputs/custom_mujoco_suite/custom_mujoco_humanoid__inr_transformer_fitted_latent__no_shift__s0,custom_mujoco_humanoid,inr_transformer_fitted_latent,no_shift,0,0.5,0.5,nan,0.17095324397087097,0.16422308378665676,0.08947384357452393,0.41346492471656043,,,1.0,1.040981815887451,358,78,78,0
outputs/custom_mujoco_suite/custom_mujoco_walker2d__cvae__specialization__s1,custom_mujoco_walker2d,cvae,specialization,1,1.0,1.0,nan,0.3670685291290283,0.3314219421531062,0.15267585217952728,0.6058618069568574,,,1.0,1.1075565086135863,358,38,38,38
outputs/custom_mujoco_suite/custom_mujoco_hopper__cvae__single_shift__s1,custom_mujoco_hopper,cvae,single_shift,1,1.0,1.0,nan,0.28740406036376953,0.2688523676601695,0.13324253261089325,0.5361007931012316,,,1.0,1.0690032706985473,358,58,58,19
outputs/custom_mujoco_suite/custom_mujoco_humanoid__inr_transformer_fitted_latent__single_shift__s1,custom_mujoco_humanoid,inr_transformer_fitted_latent,single_shift,1,0.3275862068965517,0.3275862068965517,nan,0.1938582807779312,0.18419570326819468,0.0829063430428505,0.4402934030597452,,,1.0,1.0524582134017944,358,58,58,19
outputs/custom_mujoco_suite/custom_mujoco_ant__cvae__new_policy__s0,custom_mujoco_ant,cvae,new_policy,0,0.6666666666666666,1.0,2.4299068450927734,1.032799243927002,0.9248627120223006,0.20614925026893616,1.016267309287769,,,1.0,1.1167054639587402,358,117,117,0
outputs/custom_mujoco_suite/custom_mujoco_halfcheetah__inr_transformer_fitted_latent__single_shift__s0,custom_mujoco_halfcheetah,inr_transformer_fitted_latent,single_shift,0,0.6724137931034483,0.6724137931034483,nan,0.10313351452350616,0.10066425825642324,0.0065749227069318295,0.32114407128811545,,,1.0,1.0245296226272582,358,58,58,19
outputs/custom_mujoco_suite/custom_mujoco_humanoid__cvae__new_policy__s0,custom_mujoco_humanoid,cvae,new_policy,0,0.6666666666666666,1.0,4.973118782043457,0.597587525844574,0.5085301310634067,0.26295915246009827,0.7730378553761608,,,1.0,1.1751270757446288,358,117,117,0
outputs/custom_mujoco_suite/custom_mujoco_humanoid__cvae__novel_generalization__s1,custom_mujoco_humanoid,cvae,novel_generalization,1,0.6666666666666666,1.0,27620.326171875,9191709696.0,8133934285.644039,0.3359720706939697,95873.40452909764,,,1.0,1.1300447450408935,180,117,117,0
outputs/custom_mujoco_suite/custom_mujoco_walker2d__inr_transformer_fitted_latent__specialization__s1,custom_mujoco_walker2d,inr_transformer_fitted_latent,specialization,1,0.5789473684210527,0.5789473684210527,nan,0.330308198928833,0.2982314639117648,0.09913533180952072,0.5747244547857983,,,1.0,1.1075565086135863,358,38,38,38
outputs/custom_mujoco_suite/custom_mujoco_humanoid__cvae__conflation__s0,custom_mujoco_humanoid,cvae,conflation,0,1.0,1.0,nan,0.23960283398628235,0.22951163699912064,0.13871219754219055,0.48949242485076555,,,1.0,1.0439681277999877,269,58,58,19
outputs/custom_mujoco_suite/custom_mujoco_ant__inr_diffusion_history_conditioned__new_policy__s0,custom_mujoco_ant,inr_diffusion_history_conditioned,new_policy,0,0.6666666666666666,1.0,8.605813980102539,1.2258713245391846,1.0977570757050383,0.7622934579849243,1.10719073539259,,,1.0,1.1167054639587402,358,117,117,0
outputs/custom_mujoco_suite/custom_mujoco_hopper__cvae__generalization__s1,custom_mujoco_hopper,cvae,generalization,1,1.0,1.0,nan,0.34985992312431335,0.35342595122823495,0.17669522762298584,0.5914895798949575,,,1.0,0.9899101124534607,180,78,78,0
outputs/custom_mujoco_suite/custom_mujoco_halfcheetah__cvae__single_shift__s1,custom_mujoco_halfcheetah,cvae,single_shift,1,1.0,1.0,nan,0.14282698929309845,0.13947479254019132,0.012518228031694889,0.37792458148828906,,,1.0,1.0240344272384643,358,58,58,19
outputs/custom_mujoco_suite/custom_mujoco_humanoid__cvae__new_policy__s1,custom_mujoco_humanoid,cvae,new_policy,1,0.6666666666666666,1.0,4.1508965492248535,0.5549918413162231,0.4816122468935291,0.2408507913351059,0.7449777455174236,,,1.0,1.1523623929748534,358,117,117,0
outputs/custom_mujoco_suite/custom_mujoco_walker2d__inr_transformer_history_conditioned__new_policy__s1,custom_mujoco_walker2d,inr_transformer_history_conditioned,new_policy,1,0.6666666666666666,1.0,5.6327033042907715,0.29160794615745544,0.2666589756047463,0.06701941788196564,0.5400073575030765,,,1.0,1.0935613380203246,358,117,117,0
outputs/custom_mujoco_suite/custom_mujoco_hopper__inr_transformer_fitted_latent__no_shift__s0,custom_mujoco_hopper,inr_transformer_fitted_latent,no_shift,0,0.9102564102564102,0.9102564102564102,nan,0.10873068869113922,0.11094271135535552,0.047129493206739426,0.32974336792593606,,,1.0,0.9800615773925782,358,78,78,0
outputs/custom_mujoco_suite/custom_mujoco_hopper__inr_diffusion_history_conditioned__novel_generalization__s0,custom_mujoco_hopper,inr_diffusion_history_conditioned,novel_generalization,0,0.6324786324786325,0.9487179487179487,5.296799659729004,1.2139778137207031,0.992252882674121,0.6451176404953003,1.101806613576404,,,1.0,1.2234560714492797,180,117,117,0
outputs/custom_mujoco_suite/custom_mujoco_halfcheetah__inr_transformer_fitted_latent__no_shift__s1,custom_mujoco_halfcheetah,inr_transformer_fitted_latent,no_shift,1,0.5,0.5,nan,0.02449638396501541,0.024269040536222437,0.005584836471825838,0.156513206998692,,,1.0,1.0093676315078735,358,78,78,0
outputs/custom_mujoco_suite/custom_mujoco_hopper__inr_transformer_fitted_latent__no_shift__s1,custom_mujoco_hopper,inr_transformer_fitted_latent,no_shift,1,0.5,0.5,nan,0.10221622884273529,0.10224767139648674,0.04216902330517769,0.3197127286217039,,,1.0,0.9996924863586426,358,78,78,0
outputs/custom_mujoco_suite/custom_mujoco_hopper__inr_transformer_history_conditioned__conflation__s1,custom_mujoco_hopper,inr_transformer_history_conditioned,conflation,1,1.0,1.0,nan,0.08220205456018448,0.08428879572375045,0.03624037653207779,0.2867090067650203,,,1.0,0.9752429590950012,269,58,58,19
outputs/custom_mujoco_suite/custom_mujoco_ant__inr_transformer_fitted_latent__single_shift__s1,custom_mujoco_ant,inr_transformer_fitted_latent,single_shift,1,0.3448275862068966,0.3448275862068966,nan,0.20623350143432617,0.2079067122046274,0.12849010527133942,0.4541293884283709,,,1.0,0.9919521079788208,358,58,58,19
outputs/custom_mujoco_suite/custom_mujoco_walker2d__cvae__conflation__s0,custom_mujoco_walker2d,cvae,conflation,0,1.0,1.0,nan,0.24598456919193268,0.23439630616047796,0.11392537504434586,0.49596831470561975,,,1.0,1.0494387613067626,269,58,58,19
outputs/custom_mujoco_suite/custom_mujoco_ant__inr_transformer_history_conditioned__novel_generalization__s1,custom_mujoco_ant,inr_transformer_history_conditioned,novel_generalization,1,0.6581196581196581,0.9871794871794872,7.6375732421875,0.8771098256111145,0.7651698512282711,0.16395203769207,0.9365414169224522,,,1.0,1.14629428250885,180,117,117,0
outputs/custom_mujoco_suite/custom_mujoco_humanoid__inr_transformer_history_conditioned__specialization__s1,custom_mujoco_humanoid,inr_transformer_history_conditioned,specialization,1,1.0,1.0,nan,0.2187999188899994,0.19686797128814842,0.0956851989030838,0.467760535840722,,,1.0,1.1114043460617065,358,38,38,38
outputs/custom_mujoco_suite/custom_mujoco_walker2d__inr_transformer_fitted_latent__conflation__s1,custom_mujoco_walker2d,inr_transformer_fitted_latent,conflation,1,0.6724137931034483,0.6724137931034483,nan,0.1489599645137787,0.14433151553997475,0.056632786989212036,0.3859533190863614,,,1.0,1.0320681796798705,269,58,58,19
outputs/custom_mujoco_suite/custom_mujoco_humanoid__inr_transformer_history_conditioned__novel_generalization__s1,custom_mujoco_humanoid,inr_transformer_history_conditioned,novel_generalization,1,0.6666666666666666,1.0,3.7711992263793945,0.6007055640220642,0.5315767952182514,0.2716066539287567,0.7750519750455863,,,1.0,1.1300447450408935,180,117,117,0
outputs/custom_mujoco_suite/custom_mujoco_walker2d__inr_transformer_history_conditioned__single_shift__s0,custom_mujoco_walker2d,inr_transformer_history_conditioned,single_shift,0,0.9655172413793104,0.9655172413793104,nan,0.13989366590976715,0.13020885938529628,0.03701617196202278,0.37402361678076845,,,1.0,1.0743790136108398,358,58,58,19
outputs/custom_mujoco_suite/custom_mujoco_humanoid__cvae__specialization__s1,custom_mujoco_humanoid,cvae,specialization,1,1.0,1.0,nan,0.26083144545555115,0.2346863644899491,0.13621734082698822,0.5107165999412503,,,1.0,1.1114043460617065,358,38,38,38
outputs/custom_mujoco_suite/custom_mujoco_halfcheetah__cvae__generalization__s0,custom_mujoco_halfcheetah,cvae,generalization,0,1.0,1.0,nan,0.1165027916431427,0.11629749197301006,0.03794511407613754,0.3413250527622353,,,1.0,1.0017652974853515,180,78,78,0
outputs/custom_mujoco_suite/custom_mujoco_walker2d__cvae__conflation__s1,custom_mujoco_walker2d,cvae,conflation,1,0.9827586206896551,0.9827586206896551,nan,0.22073619067668915,0.21387752768926338,0.1132250428199768,0.4698257024436713,,,1.0,1.0320681796798705,269,58,58,19
outputs/custom_mujoco_suite/custom_mujoco_humanoid__inr_diffusion_history_conditioned__single_shift__s1,custom_mujoco_humanoid,inr_diffusion_history_conditioned,single_shift,1,1.0,1.0,nan,0.862319827079773,0.8193387785844256,0.6288349032402039,0.9286117741444877,,,1.0,1.0524582134017944,358,58,58,19
outputs/custom_mujoco_suite/custom_mujoco_ant__inr_diffusion_history_conditioned__generalization__s1,custom_mujoco_ant,inr_diffusion_history_conditioned,generalization,1,0.9743589743589743,0.9743589743589743,nan,2.247736692428589,2.2041945533743736,0.6297158598899841,1.4992453743228922,,,1.0,1.0197542176971435,180,78,78,0
outputs/custom_mujoco_suite/custom_mujoco_halfcheetah__inr_transformer_history_conditioned__generalization__s1,custom_mujoco_halfcheetah,inr_transformer_history_conditioned,generalization,1,0.9871794871794872,0.9871794871794872,nan,0.05506923794746399,0.055381084607959874,0.012255021370947361,0.23466835736303263,,,1.0,0.9943690763244629,180,78,78,0
outputs/custom_mujoco_suite/custom_mujoco_ant__inr_diffusion_history_conditioned__conflation__s0,custom_mujoco_ant,inr_diffusion_history_conditioned,conflation,0,1.0,1.0,nan,0.820894718170166,0.8144131478487262,0.5037162899971008,0.9060324045916713,,,1.0,1.0079585777053832,269,58,58,19
outputs/custom_mujoco_suite/custom_mujoco_halfcheetah__inr_transformer_fitted_latent__specialization__s1,custom_mujoco_halfcheetah,inr_transformer_fitted_latent,specialization,1,0.5,0.5,nan,0.14135128259658813,0.1376266995879074,0.013667143881320953,0.37596712967570467,,,1.0,1.0270629392395019,358,38,38,38
outputs/custom_mujoco_suite/custom_mujoco_hopper__inr_transformer_fitted_latent__new_policy__s0,custom_mujoco_hopper,inr_transformer_fitted_latent,new_policy,0,0.6153846153846154,0.9230769230769231,0.08132217079401016,0.7214897871017456,0.5867651514131673,0.10640587657690048,0.8494055492529735,,,1.0,1.2296057210693359,358,117,117,0
outputs/custom_mujoco_suite/custom_mujoco_hopper__inr_transformer_history_conditioned__new_policy__s0,custom_mujoco_hopper,inr_transformer_history_conditioned,new_policy,0,0.6581196581196581,0.9871794871794872,5.249599933624268,0.5469674468040466,0.4448315727812101,0.06522871553897858,0.7395724756939286,,,1.0,1.2296057210693359,358,117,117,0
outputs/custom_mujoco_suite/custom_mujoco_hopper__cvae__conflation__s0,custom_mujoco_hopper,cvae,conflation,0,1.0,1.0,nan,0.32527488470077515,0.33305278342704053,0.1490917056798935,0.5703287514239267,,,1.0,0.9766466484794617,269,58,58,19
outputs/custom_mujoco_suite/custom_mujoco_halfcheetah__inr_transformer_history_conditioned__single_shift__s1,custom_mujoco_halfcheetah,inr_transformer_history_conditioned,single_shift,1,1.0,1.0,nan,0.07680835574865341,0.07500563819498154,0.005259322468191385,0.27714320440641044,,,1.0,1.0240344272384643,358,58,58,19
outputs/custom_mujoco_suite/custom_mujoco_humanoid__inr_transformer_fitted_latent__new_policy__s0,custom_mujoco_humanoid,inr_transformer_fitted_latent,new_policy,0,0.3333333333333333,0.5,0.037845149636268616,0.6166642308235168,0.5247638689907324,0.19499124586582184,0.7852797150210343,,,1.0,1.1751270757446288,358,117,117,0
outputs/custom_mujoco_suite/custom_mujoco_halfcheetah__inr_transformer_history_conditioned__new_policy__s0,custom_mujoco_halfcheetah,inr_transformer_history_conditioned,new_policy,0,0.6666666666666666,1.0,1.5761709213256836,0.2397180199623108,0.23487947303143591,0.013554315082728863,0.4896100693024101,,,1.0,1.0206001268157958,358,117,117,0
outputs/custom_mujoco_suite/custom_mujoco_halfcheetah__inr_diffusion_history_conditioned__single_shift__s0,custom_mujoco_halfcheetah,inr_diffusion_history_conditioned,single_shift,0,1.0,1.0,nan,0.47895392775535583,0.4674866564884163,0.19974114000797272,0.6920649736515755,,,1.0,1.0245296226272582,358,58,58,19
outputs/custom_mujoco_suite/custom_mujoco_humanoid__inr_diffusion_history_conditioned__specialization__s1,custom_mujoco_humanoid,inr_diffusion_history_conditioned,specialization,1,1.0,1.0,nan,0.9589401483535767,0.8628184258515894,0.6957473158836365,0.9792548944751701,,,1.0,1.1114043460617065,358,38,38,38
outputs/custom_mujoco_suite/custom_mujoco_halfcheetah__cvae__generalization__s1,custom_mujoco_halfcheetah,cvae,generalization,1,0.9871794871794872,0.9871794871794872,nan,0.1049308180809021,0.105525021422391,0.03601142764091492,0.3239302673121209,,,1.0,0.9943690763244629,180,78,78,0
outputs/custom_mujoco_suite/custom_mujoco_ant__cvae__conflation__s0,custom_mujoco_ant,cvae,conflation,0,1.0,1.0,nan,0.20258457958698273,0.2009850246506819,0.12821801006793976,0.450093967507878,,,1.0,1.0079585777053832,269,58,58,19
outputs/custom_mujoco_suite/custom_mujoco_humanoid__cvae__single_shift__s0,custom_mujoco_humanoid,cvae,single_shift,0,1.0,1.0,nan,0.2430688440799713,0.22957047666983077,0.1278202086687088,0.49302012543097196,,,1.0,1.0587983594665527,358,58,58,19
outputs/custom_mujoco_suite/custom_mujoco_halfcheetah__inr_diffusion_history_conditioned__no_shift__s0,custom_mujoco_halfcheetah,inr_diffusion_history_conditioned,no_shift,0,1.0,1.0,nan,0.4582587480545044,0.45556868781433774,0.22244171798229218,0.6769481132660792,,,1.0,1.0059048400650024,358,78,78,0
outputs/custom_mujoco_suite/custom_mujoco_hopper__inr_transformer_fitted_latent__generalization__s1,custom_mujoco_hopper,inr_transformer_fitted_latent,generalization,1,0.5,0.5,nan,0.19901524484157562,0.2010437537084278,0.08034456521272659,0.44611124715879513,,,1.0,0.9899101124534607,180,78,78,0
outputs/custom_mujoco_suite/custom_mujoco_humanoid__inr_diffusion_history_conditioned__new_policy__s1,custom_mujoco_humanoid,inr_diffusion_history_conditioned,new_policy,1,0.6666666666666666,1.0,4.91942834854126,1.1040364503860474,0.9580635892984573,0.8768865466117859,1.0507313883129443,,,1.0,1.1523623929748534,358,117,117,0
outputs/custom_mujoco_suite/custom_mujoco_walker2d__inr_diffusion_history_conditioned__generalization__s0,custom_mujoco_walker2d,inr_diffusion_history_conditioned,generalization,0,0.9615384615384616,0.9615384615384616,nan,0.6805915236473083,0.6895500607316625,0.38022103905677795,0.8249797110519194,,,1.0,0.9870081411132813,180,78,78,0
outputs/custom_mujoco_suite/custom_mujoco_hopper__inr_transformer_history_conditioned__novel_generalization__s1,custom_mujoco_hopper,inr_transformer_history_conditioned,novel_generalization,1,0.6581196581196581,0.9871794871794872,5.898493766784668,0.5777955055236816,0.4682926219844637,0.12797163426876068,0.7601286111729262,,,1.0,1.2338343129882812,180,117,117,0
outputs/custom_mujoco_suite/custom_mujoco_walker2d__cvae__single_shift__s1,custom_mujoco_walker2d,cvae,single_shift,1,1.0,1.0,nan,0.2169335037469864,0.20566900432721008,0.10635199397802353,0.4657612089332756,,,1.0,1.0547700391540527,358,58,58,19
outputs/custom_mujoco_suite/custom_mujoco_walker2d__inr_diffusion_history_conditioned__generalization__s1,custom_mujoco_walker2d,inr_diffusion_history_conditioned,generalization,1,0.9871794871794872,0.9871794871794872,nan,0.6527888774871826,0.6639489580382045,0.3972161114215851,0.8079535119591861,,,1.0,0.9831913576850891,180,78,78,0
outputs/custom_mujoco_suite/custom_mujoco_hopper__inr_transformer_history_conditioned__generalization__s1,custom_mujoco_hopper,inr_transformer_history_conditioned,generalization,1,0.9871794871794872,0.9871794871794872,nan,0.1581607460975647,0.15977283604626316,0.05251757428050041,0.3976942872327495,,,1.0,0.9899101124534607,180,78,78,0
outputs/custom_mujoco_suite/custom_mujoco_hopper__inr_transformer_history_conditioned__no_shift__s1,custom_mujoco_hopper,inr_transformer_history_conditioned,no_shift,1,0.9871794871794872,0.9871794871794872,nan,0.06756751984357834,0.06758830416910655,0.025124618783593178,0.2599375306560758,,,1.0,0.9996924863586426,358,78,78,0
outputs/custom_mujoco_suite/custom_mujoco_halfcheetah__inr_transformer_history_conditioned__no_shift__s1,custom_mujoco_halfcheetah,inr_transformer_history_conditioned,no_shift,1,1.0,1.0,nan,0.02130908891558647,0.02111132579489721,0.004842342343181372,0.14597632998396168,,,1.0,1.0093676315078735,358,78,78,0
outputs/custom_mujoco_suite/custom_mujoco_humanoid__cvae__generalization__s1,custom_mujoco_humanoid,cvae,generalization,1,1.0,1.0,nan,1619714944.0,1616157960.9669054,0.1773979514837265,40245.6823025775,,,1.0,1.00220088822937,180,78,78,0
outputs/custom_mujoco_suite/custom_mujoco_ant__inr_transformer_fitted_latent__generalization__s1,custom_mujoco_ant,inr_transformer_fitted_latent,generalization,1,0.9871794871794872,0.9871794871794872,nan,0.2780742347240448,0.27268750636011585,0.15048928558826447,0.5273274454492624,,,1.0,1.0197542176971435,180,78,78,0
outputs/custom_mujoco_suite/custom_mujoco_walker2d__inr_transformer_fitted_latent__conflation__s0,custom_mujoco_walker2d,inr_transformer_fitted_latent,conflation,0,0.6724137931034483,0.6724137931034483,nan,0.17174190282821655,0.16365119067487396,0.05988702178001404,0.41441754647724144,,,1.0,1.0494387613067626,269,58,58,19
outputs/custom_mujoco_suite/custom_mujoco_hopper__inr_diffusion_history_conditioned__new_policy__s0,custom_mujoco_hopper,inr_diffusion_history_conditioned,new_policy,0,0.6666666666666666,1.0,5.005587577819824,1.0508657693862915,0.8546363695123329,0.4749309718608856,1.025117441753037,,,1.0,1.2296057210693359,358,117,117,0
outputs/custom_mujoco_suite/custom_mujoco_walker2d__inr_transformer_history_conditioned__no_shift__s1,custom_mujoco_walker2d,inr_transformer_history_conditioned,no_shift,1,1.0,1.0,nan,0.0888621136546135,0.0874097622477737,0.029102178290486336,0.29809749018502907,,,1.0,1.0166154371032714,358,78,78,0
outputs/custom_mujoco_suite/custom_mujoco_walker2d__inr_transformer_fitted_latent__no_shift__s0,custom_mujoco_walker2d,inr_transformer_fitted_latent,no_shift,0,0.5,0.5,nan,0.17916467785835266,0.17071026079245855,0.054230690002441406,0.42327848735596363,,,1.0,1.0495249496231078,358,78,78,0
outputs/custom_mujoco_suite/custom_mujoco_hopper__cvae__new_policy__s0,custom_mujoco_hopper,cvae,new_policy,0,0.6666666666666666,1.0,2.367624521255493,1.0469014644622803,0.8514123239047998,0.27611032128334045,1.023182028996933,,,1.0,1.2296057210693359,358,117,117,0
outputs/custom_mujoco_suite/custom_mujoco_humanoid__inr_diffusion_history_conditioned__conflation__s0,custom_mujoco_humanoid,inr_diffusion_history_conditioned,conflation,0,1.0,1.0,nan,0.9182310104370117,0.8795584711690875,0.7025666236877441,0.9582437113996688,,,1.0,1.0439681277999877,269,58,58,19
outputs/custom_mujoco_suite/custom_mujoco_hopper__inr_diffusion_history_conditioned__single_shift__s0,custom_mujoco_hopper,inr_diffusion_history_conditioned,single_shift,0,1.0,1.0,nan,0.8192180395126343,0.7736169234338817,0.3365871012210846,0.9051066453808824,,,1.0,1.0589453445205688,358,58,58,19
outputs/custom_mujoco_suite/custom_mujoco_humanoid__inr_transformer_history_conditioned__no_shift__s1,custom_mujoco_humanoid,inr_transformer_history_conditioned,no_shift,1,1.0,1.0,nan,0.15813662111759186,0.1551624569607424,0.08675287663936615,0.39766395501427065,,,1.0,1.0191680656204223,358,78,78,0
outputs/custom_mujoco_suite/custom_mujoco_ant__inr_transformer_history_conditioned__novel_generalization__s0,custom_mujoco_ant,inr_transformer_history_conditioned,novel_generalization,0,0.6666666666666666,1.0,5.244914531707764,0.8617263436317444,0.756724897905265,0.15382049977779388,0.9282921650168897,,,1.0,1.13875775201416,180,117,117,0
outputs/custom_mujoco_suite/custom_mujoco_humanoid__cvae__specialization__s0,custom_mujoco_humanoid,cvae,specialization,0,1.0,1.0,nan,0.25436311960220337,0.2397809230028747,0.12500493228435516,0.5043442471191709,,,1.0,1.0608146653900146,358,38,38,38
outputs/custom_mujoco_suite/custom_mujoco_ant__cvae__specialization__s0,custom_mujoco_ant,cvae,specialization,0,1.0,1.0,nan,0.1904759556055069,0.19436891692768496,0.11081047356128693,0.4364355113937303,,,1.0,0.9799712763557434,358,38,38,38
outputs/custom_mujoco_suite/custom_mujoco_walker2d__inr_diffusion_history_conditioned__no_shift__s0,custom_mujoco_walker2d,inr_diffusion_history_conditioned,no_shift,0,0.9615384615384616,0.9615384615384616,nan,0.6906746625900269,0.6580831287889375,0.3552458584308624,0.8310683862294528,,,1.0,1.0495249496231078,358,78,78,0
outputs/custom_mujoco_suite/custom_mujoco_ant__inr_transformer_history_conditioned__new_policy__s0,custom_mujoco_ant,inr_transformer_history_conditioned,new_policy,0,0.6666666666666666,1.0,3.5950145721435547,0.9007819890975952,0.8066424121399993,0.10138446092605591,0.949095353006006,,,1.0,1.1167054639587402,358,117,117,0
outputs/custom_mujoco_suite/custom_mujoco_halfcheetah__inr_transformer_history_conditioned__novel_generalization__s0,custom_mujoco_halfcheetah,inr_transformer_history_conditioned,novel_generalization,0,0.6666666666666666,1.0,1.5645581483840942,0.2951740622520447,0.29026430777390255,0.04320359230041504,0.5432992382214838,,,1.0,1.0169147716293334,180,117,117,0
outputs/custom_mujoco_suite/custom_mujoco_walker2d__inr_transformer_fitted_latent__specialization__s0,custom_mujoco_walker2d,inr_transformer_fitted_latent,specialization,0,0.5263157894736842,0.5263157894736842,nan,0.23566611111164093,0.22028966776805411,0.07600826025009155,0.4854545407261538,,,1.0,1.069801019264221,358,38,38,38
outputs/custom_mujoco_suite/custom_mujoco_ant__inr_transformer_fitted_latent__generalization__s0,custom_mujoco_ant,inr_transformer_fitted_latent,generalization,0,0.6666666666666666,0.6666666666666666,nan,0.2355867624282837,0.2341756024709441,0.14118406176567078,0.48537280767291,,,1.0,1.0060260759124755,180,78,78,0
outputs/custom_mujoco_suite/custom_mujoco_humanoid__inr_diffusion_history_conditioned__single_shift__s0,custom_mujoco_humanoid,inr_diffusion_history_conditioned,single_shift,0,1.0,1.0,nan,0.9041060209274292,0.8538982071930475,0.672804594039917,0.9508448984600113,,,1.0,1.0587983594665527,358,58,58,19
outputs/custom_mujoco_suite/custom_mujoco_hopper__inr_diffusion_history_conditioned__generalization__s0,custom_mujoco_hopper,inr_diffusion_history_conditioned,generalization,0,0.9487179487179487,0.9487179487179487,nan,0.9434052109718323,0.9654557960535946,0.42311930656433105,0.9712904874299101,,,1.0,0.9771604405174256,180,78,78,0
outputs/custom_mujoco_suite/custom_mujoco_ant__inr_diffusion_history_conditioned__single_shift__s0,custom_mujoco_ant,inr_diffusion_history_conditioned,single_shift,0,1.0,1.0,nan,0.7660386562347412,0.7629857168093849,0.45010441541671753,0.8752363430723962,,,1.0,1.0040013061294555,358,58,58,19
outputs/custom_mujoco_suite/custom_mujoco_humanoid__inr_transformer_history_conditioned__novel_generalization__s0,custom_mujoco_humanoid,inr_transformer_history_conditioned,novel_generalization,0,0.6666666666666666,1.0,4.291164398193359,0.6313053965568542,0.5652507554083274,0.3121192753314972,0.7945472903212585,,,1.0,1.1168590055236816,180,117,117,0
outputs/custom_mujoco_suite/custom_mujoco_walker2d__inr_transformer_history_conditioned__conflation__s0,custom_mujoco_walker2d,inr_transformer_history_conditioned,conflation,0,0.9827586206896551,0.9827586206896551,nan,0.12907910346984863,0.12299822364967647,0.03634462133049965,0.3592758041809226,,,1.0,1.0494387613067626,269,58,58,19
outputs/custom_mujoco_suite/custom_mujoco_halfcheetah__inr_diffusion_history_conditioned__generalization__s0,custom_mujoco_halfcheetah,inr_diffusion_history_conditioned,generalization,0,1.0,1.0,nan,0.8458525538444519,0.8443620037225541,0.5933755040168762,0.9197024267905636,,,1.0,1.0017652974853515,180,78,78,0
outputs/custom_mujoco_suite/custom_mujoco_hopper__inr_diffusion_history_conditioned__novel_generalization__s1,custom_mujoco_hopper,inr_diffusion_history_conditioned,novel_generalization,1,0.6666666666666666,1.0,5.438881874084473,1.2374006509780884,1.002890451296633,0.6387050151824951,1.1123851181034778,,,1.0,1.2338343129882812,180,117,117,0
outputs/custom_mujoco_suite/custom_mujoco_halfcheetah__cvae__specialization__s0,custom_mujoco_halfcheetah,cvae,specialization,0,1.0,1.0,nan,0.7814271450042725,0.7571781345701669,0.019151359796524048,0.8839836791503972,,,1.0,1.0320255027542113,358,38,38,38
outputs/custom_mujoco_suite/custom_mujoco_ant__inr_transformer_fitted_latent__conflation__s0,custom_mujoco_ant,inr_transformer_fitted_latent,conflation,0,0.6724137931034483,0.6724137931034483,nan,0.20932981371879578,0.20767700017527993,0.13153032958507538,0.4575257519733679,,,1.0,1.0079585777053832,269,58,58,19
outputs/custom_mujoco_suite/custom_mujoco_ant__inr_diffusion_history_conditioned__novel_generalization__s1,custom_mujoco_ant,inr_diffusion_history_conditioned,novel_generalization,1,0.6495726495726496,0.9743589743589743,7.28857946395874,2.256215810775757,1.9682692701194187,0.9247258305549622,1.502070507924231,,,1.0,1.14629428250885,180,117,117,0
outputs/custom_mujoco_suite/custom_mujoco_hopper__inr_transformer_fitted_latent__conflation__s1,custom_mujoco_hopper,inr_transformer_fitted_latent,conflation,1,0.6724137931034483,0.6724137931034483,nan,0.11576221883296967,0.11870090191719387,0.05535575747489929,0.34023847347554576,,,1.0,0.9752429590950012,269,58,58,19
outputs/custom_mujoco_suite/custom_mujoco_hopper__inr_diffusion_history_conditioned__conflation__s1,custom_mujoco_hopper,inr_diffusion_history_conditioned,conflation,1,1.0,1.0,nan,0.8127719163894653,0.8334045468461474,0.33349475264549255,0.9015386383230978,,,1.0,0.9752429590950012,269,58,58,19
outputs/custom_mujoco_suite/custom_mujoco_hopper__inr_diffusion_history_conditioned__specialization__s1,custom_mujoco_hopper,inr_diffusion_history_conditioned,specialization,1,0.9736842105263158,0.9736842105263158,nan,0.7690327763557434,0.7917976799794889,0.2681179344654083,0.8769451387377339,,,1.0,0.9712490902671814,358,38,38,38
outputs/custom_mujoco_suite/custom_mujoco_hopper__cvae__no_shift__s1,custom_mujoco_hopper,cvae,no_shift,1,1.0,1.0,nan,0.2379174381494522,0.2379906235126975,0.10188706964254379,0.48776781171931816,,,1.0,0.9996924863586426,358,78,78,0
outputs/custom_mujoco_suite/custom_mujoco_ant__cvae__single_shift__s0,custom_mujoco_ant,cvae,single_shift,0,1.0,1.0,nan,0.19101932644844055,0.19025804576374786,0.11365655064582825,0.43705757795562883,,,1.0,1.0040013061294555,358,58,58,19
outputs/custom_mujoco_suite/custom_mujoco_ant__inr_diffusion_history_conditioned__single_shift__s1,custom_mujoco_ant,inr_diffusion_history_conditioned,single_shift,1,1.0,1.0,nan,0.7349510192871094,0.7409138136564163,0.43304139375686646,0.8572928433663198,,,1.0,0.9919521079788208,358,58,58,19
outputs/custom_mujoco_suite/custom_mujoco_hopper__inr_transformer_history_conditioned__novel_generalization__s0,custom_mujoco_hopper,inr_transformer_history_conditioned,novel_generalization,0,0.6581196581196581,0.9871794871794872,5.463834285736084,0.5849657654762268,0.4781256794804974,0.12466146796941757,0.7648305469031861,,,1.0,1.2234560714492797,180,117,117,0
outputs/custom_mujoco_suite/custom_mujoco_hopper__inr_transformer_history_conditioned__generalization__s0,custom_mujoco_hopper,inr_transformer_history_conditioned,generalization,0,0.9871794871794872,0.9871794871794872,nan,0.15464797616004944,0.15826262479287465,0.05520482361316681,0.39325306885013556,,,1.0,0.9771604405174256,180,78,78,0
outputs/custom_mujoco_suite/custom_mujoco_ant__inr_diffusion_history_conditioned__specialization__s1,custom_mujoco_ant,inr_diffusion_history_conditioned,specialization,1,1.0,1.0,nan,0.7269502878189087,0.7337557209989474,0.43203219771385193,0.852613797577138,,,1.0,0.9907252059707642,358,38,38,38
outputs/custom_mujoco_suite/custom_mujoco_ant__cvae__new_policy__s1,custom_mujoco_ant,cvae,new_policy,1,0.6666666666666666,1.0,2.102658748626709,1.1639832258224487,1.0293562553346087,0.22708086669445038,1.0788805428880663,,,1.0,1.1307875381240844,358,117,117,0
outputs/custom_mujoco_suite/custom_mujoco_humanoid__inr_diffusion_history_conditioned__specialization__s0,custom_mujoco_humanoid,inr_diffusion_history_conditioned,specialization,0,1.0,1.0,nan,0.9223988056182861,0.869519281465779,0.665799081325531,0.9604159544792487,,,1.0,1.0608146653900146,358,38,38,38
outputs/custom_mujoco_suite/custom_mujoco_walker2d__inr_diffusion_history_conditioned__single_shift__s0,custom_mujoco_walker2d,inr_diffusion_history_conditioned,single_shift,0,1.0,1.0,nan,0.7259246110916138,0.6756690161434569,0.37659135460853577,0.8520120956251817,,,1.0,1.0743790136108398,358,58,58,19
outputs/custom_mujoco_suite/custom_mujoco_hopper__inr_transformer_history_conditioned__conflation__s0,custom_mujoco_hopper,inr_transformer_history_conditioned,conflation,0,1.0,1.0,nan,0.0912727639079094,0.0934552573850652,0.034297261387109756,0.30211382607869736,,,1.0,0.9766466484794617,269,58,58,19
outputs/custom_mujoco_suite/custom_mujoco_walker2d__cvae__generalization__s1,custom_mujoco_walker2d,cvae,generalization,1,1.0,1.0,nan,0.2978573739528656,0.30294954448558903,0.15759491920471191,0.5457631115721047,,,1.0,0.9831913576850891,180,78,78,0
outputs/custom_mujoco_suite/custom_mujoco_hopper__inr_transformer_fitted_latent__single_shift__s0,custom_mujoco_hopper,inr_transformer_fitted_latent,single_shift,0,0.8275862068965517,0.8275862068965517,nan,0.1616763472557068,0.15267676286815804,0.06612130254507065,0.4020899740800643,,,1.0,1.0589453445205688,358,58,58,19
outputs/custom_mujoco_suite/custom_mujoco_halfcheetah__cvae__no_shift__s0,custom_mujoco_halfcheetah,cvae,no_shift,0,1.0,1.0,nan,0.2243993729352951,0.22308210876169385,0.012535532005131245,0.4737081094253033,,,1.0,1.0059048400650024,358,78,78,0
outputs/custom_mujoco_suite/custom_mujoco_walker2d__inr_diffusion_history_conditioned__specialization__s1,custom_mujoco_walker2d,inr_diffusion_history_conditioned,specialization,1,1.0,1.0,nan,0.8071935772895813,0.7288057728991251,0.4208091199398041,0.8984395234458362,,,1.0,1.1075565086135863,358,38,38,38
outputs/custom_mujoco_suite/custom_mujoco_halfcheetah__cvae__novel_generalization__s1,custom_mujoco_halfcheetah,cvae,novel_generalization,1,0.6581196581196581,0.9871794871794872,1.1919610500335693,0.24681204557418823,0.24484257782351923,0.07981639355421066,0.4968018172009722,,,1.0,1.008043812347412,180,117,117,0
outputs/custom_mujoco_suite/custom_mujoco_ant__cvae__no_shift__s1,custom_mujoco_ant,cvae,no_shift,1,1.0,1.0,nan,0.29486313462257385,0.29268544517575446,0.11639180034399033,0.5430130151502576,,,1.0,1.007440374923706,358,78,78,0
outputs/custom_mujoco_suite/custom_mujoco_halfcheetah__inr_diffusion_history_conditioned__new_policy__s1,custom_mujoco_halfcheetah,inr_diffusion_history_conditioned,new_policy,1,0.6666666666666666,1.0,3.693834066390991,0.5053201913833618,0.4940134512732814,0.3072645366191864,0.710858770349893,,,1.0,1.0228875146636962,358,117,117,0
outputs/custom_mujoco_suite/custom_mujoco_humanoid__inr_diffusion_history_conditioned__no_shift__s1,custom_mujoco_humanoid,inr_diffusion_history_conditioned,no_shift,1,1.0,1.0,nan,0.8274497389793396,0.8118874274927624,0.6502287983894348,0.9096426435580841,,,1.0,1.0191680656204223,358,78,78,0
outputs/custom_mujoco_suite/custom_mujoco_humanoid__inr_transformer_fitted_latent__single_shift__s0,custom_mujoco_humanoid,inr_transformer_fitted_latent,single_shift,0,0.3448275862068966,0.3448275862068966,nan,0.20645268261432648,0.19498772430884967,0.08783605694770813,0.4543706445340923,,,1.0,1.0587983594665527,358,58,58,19
outputs/custom_mujoco_suite/custom_mujoco_walker2d__inr_diffusion_history_conditioned__novel_generalization__s0,custom_mujoco_walker2d,inr_diffusion_history_conditioned,novel_generalization,0,0.6410256410256411,0.9615384615384616,5.309635162353516,0.8333842754364014,0.7800440824340272,0.5189736485481262,0.912898830887849,,,1.0,1.0683809982070922,180,117,117,0
outputs/custom_mujoco_suite/custom_mujoco_ant__inr_transformer_history_conditioned__conflation__s0,custom_mujoco_ant,inr_transformer_history_conditioned,conflation,0,1.0,1.0,nan,0.1164831817150116,0.11556346093128693,0.05946686863899231,0.3412963253757819,,,1.0,1.0079585777053832,269,58,58,19
outputs/custom_mujoco_suite/custom_mujoco_ant__inr_transformer_fitted_latent__conflation__s1,custom_mujoco_ant,inr_transformer_fitted_latent,conflation,1,0.6724137931034483,0.6724137931034483,nan,0.20797671377658844,0.2096184840645008,0.1292930543422699,0.45604464011386914,,,1.0,0.992167817188263,269,58,58,19
outputs/custom_mujoco_suite/custom_mujoco_humanoid__inr_transformer_history_conditioned__single_shift__s0,custom_mujoco_humanoid,inr_transformer_history_conditioned,single_shift,0,1.0,1.0,nan,0.20266678929328918,0.19141207339554006,0.08944020420312881,0.4501852832926563,,,1.0,1.0587983594665527,358,58,58,19
outputs/custom_mujoco_suite/custom_mujoco_hopper__cvae__novel_generalization__s0,custom_mujoco_hopper,cvae,novel_generalization,0,0.6666666666666666,1.0,2.987760066986084,0.9312955141067505,0.7612006150768927,0.366910845041275,0.9650365351149927,,,1.0,1.2234560714492797,180,117,117,0
outputs/custom_mujoco_suite/custom_mujoco_humanoid__inr_transformer_history_conditioned__specialization__s0,custom_mujoco_humanoid,inr_transformer_history_conditioned,specialization,0,1.0,1.0,nan,0.20819425582885742,0.1962588401361454,0.08970969915390015,0.45628308737981665,,,1.0,1.0608146653900146,358,38,38,38
outputs/custom_mujoco_suite/custom_mujoco_walker2d__inr_transformer_fitted_latent__single_shift__s1,custom_mujoco_walker2d,inr_transformer_fitted_latent,single_shift,1,0.7241379310344828,0.7241379310344828,nan,0.17118684947490692,0.16229779299780103,0.05972832068800926,0.4137473256407912,,,1.0,1.0547700391540527,358,58,58,19
outputs/custom_mujoco_suite/custom_mujoco_ant__inr_transformer_fitted_latent__new_policy__s0,custom_mujoco_ant,inr_transformer_fitted_latent,new_policy,0,0.3333333333333333,0.5,0.20335698127746582,0.9426076412200928,0.8440969186973729,0.2568364441394806,0.9708798284134308,,,1.0,1.1167054639587402,358,117,117,0
outputs/custom_mujoco_suite/custom_mujoco_ant__inr_diffusion_history_conditioned__no_shift__s0,custom_mujoco_ant,inr_diffusion_history_conditioned,no_shift,0,1.0,1.0,nan,0.724033534526825,0.7319701502950013,0.4191928207874298,0.8509016009661898,,,1.0,0.989157186580658,358,78,78,0
outputs/custom_mujoco_suite/custom_mujoco_humanoid__inr_diffusion_history_conditioned__novel_generalization__s1,custom_mujoco_humanoid,inr_diffusion_history_conditioned,novel_generalization,1,0.6581196581196581,0.9871794871794872,7.061691761016846,1.1861891746520996,1.0496833686078284,0.9367946982383728,1.0891231218976574,,,1.0,1.1300447450408935,180,117,117,0
outputs/custom_mujoco_suite/custom_mujoco_humanoid__cvae__no_shift__s0,custom_mujoco_humanoid,cvae,no_shift,0,1.0,1.0,nan,0.21562831103801727,0.20713936376899267,0.1289306879043579,0.4643579557173725,,,1.0,1.040981815887451,358,78,78,0
outputs/custom_mujoco_suite/custom_mujoco_hopper__inr_transformer_history_conditioned__no_shift__s0,custom_mujoco_hopper,inr_transformer_history_conditioned,no_shift,0,0.9871794871794872,0.9871794871794872,nan,0.07589699327945709,0.07744104557325732,0.029437249526381493,0.2754940893729974,,,1.0,0.9800615773925782,358,78,78,0
outputs/custom_mujoco_suite/custom_mujoco_ant__cvae__no_shift__s0,custom_mujoco_ant,cvae,no_shift,0,1.0,1.0,nan,0.18396121263504028,0.18597773451048943,0.10771572589874268,0.4289069976522186,,,1.0,0.989157186580658,358,78,78,0
outputs/custom_mujoco_suite/custom_mujoco_humanoid__inr_diffusion_history_conditioned__novel_generalization__s0,custom_mujoco_humanoid,inr_diffusion_history_conditioned,novel_generalization,0,0.6666666666666666,1.0,6.091919422149658,1.1522996425628662,1.0317324182048986,0.9556911587715149,1.0734522078615638,,,1.0,1.1168590055236816,180,117,117,0
outputs/custom_mujoco_suite/custom_mujoco_humanoid__inr_transformer_history_conditioned__conflation__s1,custom_mujoco_humanoid,inr_transformer_history_conditioned,conflation,1,1.0,1.0,nan,0.1980169117450714,0.18761470356397775,0.08784058690071106,0.4449909119803138,,,1.0,1.055444525314331,269,58,58,19
outputs/custom_mujoco_suite/custom_mujoco_walker2d__inr_transformer_history_conditioned__specialization__s0,custom_mujoco_walker2d,inr_transformer_history_conditioned,specialization,0,0.9473684210526315,0.9473684210526315,nan,0.16369052231311798,0.15301025084618045,0.04368332400918007,0.4045868538560268,,,1.0,1.069801019264221,358,38,38,38
outputs/custom_mujoco_suite/custom_mujoco_halfcheetah__inr_transformer_fitted_latent__novel_generalization__s0,custom_mujoco_halfcheetah,inr_transformer_fitted_latent,novel_generalization,0,0.3333333333333333,0.5,0.057945653796195984,0.2504362165927887,0.24627060554104427,0.04144769161939621,0.5004360264737029,,,1.0,1.0169147716293334,180,117,117,0
outputs/custom_mujoco_suite/custom_mujoco_walker2d__inr_diffusion_history_conditioned__specialization__s0,custom_mujoco_walker2d,inr_diffusion_history_conditioned,specialization,0,0.9736842105263158,0.9736842105263158,nan,0.7251824736595154,0.6778666879176048,0.38818690180778503,0.8515764637773378,,,1.0,1.069801019264221,358,38,38,38
outputs/custom_mujoco_suite/custom_mujoco_hopper__inr_transformer_fitted_latent__conflation__s0,custom_mujoco_hopper,inr_transformer_fitted_latent,conflation,0,0.6724137931034483,0.6724137931034483,nan,0.1221061497926712,0.12502592414849106,0.05499247834086418,0.34943690387918563,,,1.0,0.9766466484794617,269,58,58,19
outputs/custom_mujoco_suite/custom_mujoco_humanoid__inr_transformer_history_conditioned__conflation__s0,custom_mujoco_humanoid,inr_transformer_history_conditioned,conflation,0,1.0,1.0,nan,0.1961837261915207,0.1879211835757377,0.0928601622581482,0.44292632140291766,,,1.0,1.0439681277999877,269,58,58,19
outputs/custom_mujoco_suite/custom_mujoco_halfcheetah__cvae__conflation__s1,custom_mujoco_halfcheetah,cvae,conflation,1,1.0,1.0,nan,0.09276004880666733,0.09203672866343562,0.016629453748464584,0.3045653440670283,,,1.0,1.0078590379486083,269,58,58,19
outputs/custom_mujoco_suite/custom_mujoco_halfcheetah__cvae__specialization__s1,custom_mujoco_halfcheetah,cvae,specialization,1,1.0,1.0,nan,0.23926392197608948,0.2329593570509463,0.03125534579157829,0.4891461151599688,,,1.0,1.0270629392395019,358,38,38,38
outputs/custom_mujoco_suite/custom_mujoco_walker2d__inr_transformer_history_conditioned__novel_generalization__s0,custom_mujoco_walker2d,inr_transformer_history_conditioned,novel_generalization,0,0.6324786324786325,0.9487179487179487,5.420773029327393,0.38969096541404724,0.3647490605579926,0.1380310356616974,0.6242523251170533,,,1.0,1.0683809982070922,180,117,117,0
outputs/custom_mujoco_suite/custom_mujoco_walker2d__inr_diffusion_history_conditioned__new_policy__s0,custom_mujoco_walker2d,inr_diffusion_history_conditioned,new_policy,0,0.6410256410256411,0.9615384615384616,5.379341125488281,0.8735177516937256,0.7654706265370049,0.5115836262702942,0.9346217158261013,,,1.0,1.1411512361297607,358,117,117,0
outputs/custom_mujoco_suite/custom_mujoco_halfcheetah__inr_diffusion_history_conditioned__generalization__s1,custom_mujoco_halfcheetah,inr_diffusion_history_conditioned,generalization,1,1.0,1.0,nan,0.7425376176834106,0.7467424675233166,0.4926825761795044,0.8617062246980758,,,1.0,0.9943690763244629,180,78,78,0
outputs/custom_mujoco_suite/custom_mujoco_halfcheetah__inr_transformer_fitted_latent__conflation__s0,custom_mujoco_halfcheetah,inr_transformer_fitted_latent,conflation,0,0.6724137931034483,0.6724137931034483,nan,0.054267704486846924,0.05377151813503259,0.0070097739808261395,0.23295429699159215,,,1.0,1.0092276798019408,269,58,58,19
outputs/custom_mujoco_suite/custom_mujoco_humanoid__inr_diffusion_history_conditioned__conflation__s1,custom_mujoco_humanoid,inr_diffusion_history_conditioned,conflation,1,0.9827586206896551,0.9827586206896551,nan,0.9108373522758484,0.8629893191255923,0.6717821955680847,0.9543779923467685,,,1.0,1.055444525314331,269,58,58,19
outputs/custom_mujoco_suite/custom_mujoco_halfcheetah__inr_transformer_history_conditioned__new_policy__s1,custom_mujoco_halfcheetah,inr_transformer_history_conditioned,new_policy,1,0.6666666666666666,1.0,1.599204182624817,0.2261495441198349,0.2210893581922232,0.012898247689008713,0.4755518311602163,,,1.0,1.0228875146636962,358,117,117,0
outputs/custom_mujoco_suite/custom_mujoco_humanoid__cvae__novel_generalization__s0,custom_mujoco_humanoid,cvae,novel_generalization,0,0.6666666666666666,1.0,5.082507133483887,0.6113232374191284,0.5473593662187345,0.36677441000938416,0.7818716246412376,,,1.0,1.1168590055236816,180,117,117,0
outputs/custom_mujoco_suite/custom_mujoco_walker2d__cvae__specialization__s0,custom_mujoco_walker2d,cvae,specialization,0,1.0,1.0,nan,0.2970339357852936,0.2776534424967973,0.12500514090061188,0.5450081979065027,,,1.0,1.069801019264221,358,38,38,38
outputs/custom_mujoco_suite/custom_mujoco_ant__inr_transformer_history_conditioned__conflation__s1,custom_mujoco_ant,inr_transformer_history_conditioned,conflation,1,1.0,1.0,nan,0.11828553676605225,0.11921928399296958,0.0602649450302124,0.3439266444549655,,,1.0,0.992167817188263,269,58,58,19
outputs/custom_mujoco_suite/custom_mujoco_hopper__inr_transformer_history_conditioned__specialization__s0,custom_mujoco_hopper,inr_transformer_history_conditioned,specialization,0,1.0,1.0,nan,0.1579207479953766,0.16360956392361234,0.0481802374124527,0.3973924357551067,,,1.0,0.9652293191680908,358,38,38,38
outputs/custom_mujoco_suite/custom_mujoco_halfcheetah__inr_diffusion_history_conditioned__no_shift__s1,custom_mujoco_halfcheetah,inr_diffusion_history_conditioned,no_shift,1,1.0,1.0,nan,0.43726468086242676,0.43320656142817465,0.20115643739700317,0.6612599192922756,,,1.0,1.0093676315078735,358,78,78,0
outputs/custom_mujoco_suite/custom_mujoco_ant__inr_diffusion_history_conditioned__novel_generalization__s0,custom_mujoco_ant,inr_diffusion_history_conditioned,novel_generalization,0,0.6666666666666666,1.0,8.112312316894531,1.3311882019042969,1.1689827793047103,0.895818293094635,1.1537712953199593,,,1.0,1.13875775201416,180,117,117,0
outputs/custom_mujoco_suite/custom_mujoco_hopper__inr_transformer_fitted_latent__new_policy__s1,custom_mujoco_hopper,inr_transformer_fitted_latent,new_policy,1,0.3333333333333333,0.5,0.07892446964979172,0.7533512711524963,0.6030045864558774,0.10434373468160629,0.8679581044915108,,,1.0,1.2493292556533813,358,117,117,0
outputs/custom_mujoco_suite/custom_mujoco_walker2d__inr_transformer_fitted_latent__no_shift__s1,custom_mujoco_walker2d,inr_transformer_fitted_latent,no_shift,1,0.5384615384615384,0.5384615384615384,nan,0.1299569457769394,0.12783294551107421,0.051107119768857956,0.3604954171372216,,,1.0,1.0166154371032714,358,78,78,0
outputs/custom_mujoco_suite/custom_mujoco_ant__inr_transformer_history_conditioned__specialization__s0,custom_mujoco_ant,inr_transformer_history_conditioned,specialization,0,1.0,1.0,nan,0.1108592227101326,0.1131249715016026,0.052542559802532196,0.3329552863525861,,,1.0,0.9799712763557434,358,38,38,38
outputs/custom_mujoco_suite/custom_mujoco_hopper__inr_transformer_fitted_latent__novel_generalization__s0,custom_mujoco_hopper,inr_transformer_fitted_latent,novel_generalization,0,0.3333333333333333,0.5,0.06056839972734451,0.7369918823242188,0.6023852425295451,0.18925364315509796,0.8584823133438562,,,1.0,1.2234560714492797,180,117,117,0
outputs/custom_mujoco_suite/custom_mujoco_humanoid__inr_transformer_fitted_latent__no_shift__s1,custom_mujoco_humanoid,inr_transformer_fitted_latent,no_shift,1,0.5,0.5,nan,0.1650550365447998,0.16195075386739277,0.08869466930627823,0.4062696598871245,,,1.0,1.0191680656204223,358,78,78,0
outputs/custom_mujoco_suite/custom_mujoco_halfcheetah__inr_transformer_fitted_latent__new_policy__s1,custom_mujoco_halfcheetah,inr_transformer_fitted_latent,new_policy,1,0.3333333333333333,0.5,0.06625770032405853,0.19417276978492737,0.1898280768914921,0.01508235838264227,0.4406503940596529,,,1.0,1.0228875146636962,358,117,117,0
outputs/custom_mujoco_suite/custom_mujoco_walker2d__cvae__generalization__s0,custom_mujoco_walker2d,cvae,generalization,0,0.9743589743589743,0.9743589743589743,nan,0.33180129528045654,0.33616875227209997,0.16297481954097748,0.5760219572902204,,,1.0,0.9870081411132813,180,78,78,0
outputs/custom_mujoco_suite/custom_mujoco_hopper__inr_transformer_fitted_latent__single_shift__s1,custom_mujoco_hopper,inr_transformer_fitted_latent,single_shift,1,0.6724137931034483,0.6724137931034483,nan,0.14518509805202484,0.13581352090452695,0.060618091374635696,0.38103162342780006,,,1.0,1.0690032706985473,358,58,58,19
outputs/custom_mujoco_suite/custom_mujoco_walker2d__cvae__single_shift__s0,custom_mujoco_walker2d,cvae,single_shift,0,1.0,1.0,nan,0.2576662003993988,0.2398280282238744,0.11216790229082108,0.5076083139581136,,,1.0,1.0743790136108398,358,58,58,19
outputs/custom_mujoco_suite/custom_mujoco_walker2d__cvae__no_shift__s1,custom_mujoco_walker2d,cvae,no_shift,1,1.0,1.0,nan,0.1945021152496338,0.1913231967083297,0.09372702986001968,0.44102393954255337,,,1.0,1.0166154371032714,358,78,78,0
outputs/custom_mujoco_suite/custom_mujoco_ant__inr_transformer_history_conditioned__no_shift__s0,custom_mujoco_ant,inr_transformer_history_conditioned,no_shift,0,1.0,1.0,nan,0.10181105136871338,0.10292707038873794,0.04971981793642044,0.31907844077704994,,,1.0,0.989157186580658,358,78,78,0
outputs/custom_mujoco_suite/custom_mujoco_ant__inr_diffusion_history_conditioned__no_shift__s1,custom_mujoco_ant,inr_diffusion_history_conditioned,no_shift,1,1.0,1.0,nan,0.7533347010612488,0.7477710044312044,0.4362179636955261,0.867948558994857,,,1.0,1.007440374923706,358,78,78,0
outputs/custom_mujoco_suite/custom_mujoco_halfcheetah__cvae__new_policy__s0,custom_mujoco_halfcheetah,cvae,new_policy,0,0.6666666666666666,1.0,0.5942386984825134,0.3223976492881775,0.315890269673037,0.036981068551540375,0.5678007126520515,,,1.0,1.0206001268157958,358,117,117,0
outputs/custom_mujoco_suite/custom_mujoco_halfcheetah__inr_diffusion_history_conditioned__novel_generalization__s0,custom_mujoco_halfcheetah,inr_diffusion_history_conditioned,novel_generalization,0,0.6666666666666666,1.0,3.092914342880249,0.8602516651153564,0.8459427369090466,0.6585227847099304,0.9274975283607803,,,1.0,1.0169147716293334,180,117,117,0
outputs/custom_mujoco_suite/custom_mujoco_ant__inr_transformer_history_conditioned__single_shift__s1,custom_mujoco_ant,inr_transformer_history_conditioned,single_shift,1,1.0,1.0,nan,0.1010126993060112,0.10183223413056947,0.051528286188840866,0.31782495072918865,,,1.0,0.9919521079788208,358,58,58,19
outputs/custom_mujoco_suite/custom_mujoco_walker2d__inr_diffusion_history_conditioned__novel_generalization__s1,custom_mujoco_walker2d,inr_diffusion_history_conditioned,novel_generalization,1,0.6581196581196581,0.9871794871794872,5.027107238769531,0.8009694218635559,0.7563784806869902,0.5130861401557922,0.894968950223166,,,1.0,1.0589532123336791,180,117,117,0
outputs/custom_mujoco_suite/custom_mujoco_walker2d__inr_diffusion_history_conditioned__conflation__s0,custom_mujoco_walker2d,inr_diffusion_history_conditioned,conflation,0,1.0,1.0,nan,0.7136608362197876,0.6800404773796769,0.3853088617324829,0.8447844909915118,,,1.0,1.0494387613067626,269,58,58,19
outputs/custom_mujoco_suite/custom_mujoco_ant__inr_transformer_fitted_latent__novel_generalization__s0,custom_mujoco_ant,inr_transformer_fitted_latent,novel_generalization,0,0.3333333333333333,0.5,0.20402845740318298,0.9280047416687012,0.8149272661611368,0.27210551500320435,0.9633300273886936,,,1.0,1.13875775201416,180,117,117,0
outputs/custom_mujoco_suite/custom_mujoco_halfcheetah__inr_transformer_fitted_latent__generalization__s1,custom_mujoco_halfcheetah,inr_transformer_fitted_latent,generalization,1,0.5,0.5,nan,0.05746268853545189,0.05778808885313907,0.01599297672510147,0.23971376375888784,,,1.0,0.9943690763244629,180,78,78,0
outputs/custom_mujoco_suite/custom_mujoco_walker2d__inr_transformer_fitted_latent__generalization__s0,custom_mujoco_walker2d,inr_transformer_fitted_latent,generalization,0,0.5,0.5,nan,0.2582184970378876,0.26161739329387274,0.10002204030752182,0.5081520412611639,,,1.0,0.9870081411132813,180,78,78,0
outputs/custom_mujoco_suite/custom_mujoco_hopper__cvae__no_shift__s0,custom_mujoco_hopper,cvae,no_shift,0,1.0,1.0,nan,0.28055837750434875,0.286266071414375,0.1137438639998436,0.5296776165785645,,,1.0,0.9800615773925782,358,78,78,0
outputs/custom_mujoco_suite/custom_mujoco_humanoid__inr_transformer_fitted_latent__new_policy__s1,custom_mujoco_humanoid,inr_transformer_fitted_latent,new_policy,1,0.3333333333333333,0.5,0.04124975949525833,0.5745499134063721,0.49858440097403434,0.18147774040699005,0.7579907079947432,,,1.0,1.1523623929748534,358,117,117,0
outputs/custom_mujoco_suite/custom_mujoco_ant__inr_diffusion_history_conditioned__conflation__s1,custom_mujoco_ant,inr_diffusion_history_conditioned,conflation,1,1.0,1.0,nan,0.7935323715209961,0.7997965241100176,0.4900853633880615,0.8908043396397416,,,1.0,0.992167817188263,269,58,58,19
outputs/custom_mujoco_suite/custom_mujoco_walker2d__inr_transformer_fitted_latent__novel_generalization__s1,custom_mujoco_walker2d,inr_transformer_fitted_latent,novel_generalization,1,0.3333333333333333,0.5,0.11195848137140274,0.46008580923080444,0.4344722730637792,0.18360497057437897,0.6782962547669008,,,1.0,1.0589532123336791,180,117,117,0
outputs/custom_mujoco_suite/custom_mujoco_humanoid__inr_transformer_fitted_latent__conflation__s0,custom_mujoco_humanoid,inr_transformer_fitted_latent,conflation,0,0.6724137931034483,0.6724137931034483,nan,0.19917091727256775,0.19078256506957902,0.09642400592565536,0.446285690194709,,,1.0,1.0439681277999877,269,58,58,19
outputs/custom_mujoco_suite/custom_mujoco_walker2d__inr_transformer_fitted_latent__generalization__s1,custom_mujoco_walker2d,inr_transformer_fitted_latent,generalization,1,0.5,0.5,nan,0.2139853686094284,0.21764366309449065,0.09239041060209274,0.46258552572408534,,,1.0,0.9831913576850891,180,78,78,0
outputs/custom_mujoco_suite/custom_mujoco_ant__inr_transformer_fitted_latent__specialization__s0,custom_mujoco_ant,inr_transformer_fitted_latent,specialization,0,0.6578947368421053,0.6578947368421053,nan,0.22102969884872437,0.22554711977954695,0.14184629917144775,0.47013795725161817,,,1.0,0.9799712763557434,358,38,38,38
outputs/custom_mujoco_suite/custom_mujoco_walker2d__cvae__no_shift__s0,custom_mujoco_walker2d,cvae,no_shift,0,1.0,1.0,nan,0.25407126545906067,0.24208215874267644,0.10634010285139084,0.5040548238625048,,,1.0,1.0495249496231078,358,78,78,0
outputs/custom_mujoco_suite/custom_mujoco_halfcheetah__cvae__novel_generalization__s0,custom_mujoco_halfcheetah,cvae,novel_generalization,0,0.6666666666666666,1.0,0.8770027160644531,0.24708649516105652,0.24297660143648678,0.08305530995130539,0.49707795682473843,,,1.0,1.0169147716293334,180,117,117,0
outputs/custom_mujoco_suite/custom_mujoco_walker2d__inr_diffusion_history_conditioned__no_shift__s1,custom_mujoco_walker2d,inr_diffusion_history_conditioned,no_shift,1,1.0,1.0,nan,0.6376620531082153,0.6272401832940486,0.33997833728790283,0.798537446278016,,,1.0,1.0166154371032714,358,78,78,0
outputs/custom_mujoco_suite/custom_mujoco_halfcheetah__inr_transformer_fitted_latent__conflation__s1,custom_mujoco_halfcheetah,inr_transformer_fitted_latent,conflation,1,0.6724137931034483,0.6724137931034483,nan,0.04926898702979088,0.04888479953513415,0.005999861750751734,0.2219661844285991,,,1.0,1.0078590379486083,269,58,58,19
outputs/custom_mujoco_suite/custom_mujoco_ant__cvae__conflation__s1,custom_mujoco_ant,cvae,conflation,1,1.0,1.0,nan,0.21732600033283234,0.21904157398364285,0.13525709509849548,0.466182368105908,,,1.0,0.992167817188263,269,58,58,19
outputs/custom_mujoco_suite/custom_mujoco_ant__inr_transformer_history_conditioned__generalization__s1,custom_mujoco_ant,inr_transformer_history_conditioned,generalization,1,0.9871794871794872,0.9871794871794872,nan,0.1873023957014084,0.18367405836710674,0.07451711595058441,0.4327844679530544,,,1.0,1.0197542176971435,180,78,78,0
outputs/custom_mujoco_suite/custom_mujoco_humanoid__inr_transformer_fitted_latent__specialization__s1,custom_mujoco_humanoid,inr_transformer_fitted_latent,specialization,1,0.5,0.5,nan,0.2301604002714157,0.2070897068983001,0.10175763815641403,0.47975035202844374,,,1.0,1.1114043460617065,358,38,38,38
outputs/custom_mujoco_suite/custom_mujoco_hopper__cvae__new_policy__s1,custom_mujoco_hopper,cvae,new_policy,1,0.6666666666666666,1.0,2.4708518981933594,0.8794768452644348,0.703959217543882,0.232282817363739,0.9378042680988581,,,1.0,1.2493292556533813,358,117,117,0
outputs/custom_mujoco_suite/custom_mujoco_ant__inr_transformer_fitted_latent__new_policy__s1,custom_mujoco_ant,inr_transformer_fitted_latent,new_policy,1,0.3333333333333333,0.5,0.19525647163391113,0.9326881766319275,0.824812924786213,0.25208014249801636,0.9657578250430734,,,1.0,1.1307875381240844,358,117,117,0
outputs/custom_mujoco_suite/custom_mujoco_humanoid__cvae__no_shift__s1,custom_mujoco_humanoid,cvae,no_shift,1,1.0,1.0,nan,0.20338989794254303,0.19956463001882685,0.12469015270471573,0.4509876915643519,,,1.0,1.0191680656204223,358,78,78,0
outputs/custom_mujoco_suite/custom_mujoco_halfcheetah__inr_transformer_fitted_latent__specialization__s0,custom_mujoco_halfcheetah,inr_transformer_fitted_latent,specialization,0,0.5,0.5,nan,0.17342668771743774,0.1680449632829871,0.010974793694913387,0.41644529979030587,,,1.0,1.0320255027542113,358,38,38,38
outputs/custom_mujoco_suite/custom_mujoco_halfcheetah__inr_transformer_history_conditioned__conflation__s1,custom_mujoco_halfcheetah,inr_transformer_history_conditioned,conflation,1,1.0,1.0,nan,0.04568801447749138,0.04533175052980083,0.006776993628591299,0.21374754847130148,,,1.0,1.0078590379486083,269,58,58,19
outputs/custom_mujoco_suite/custom_mujoco_humanoid__cvae__conflation__s1,custom_mujoco_humanoid,cvae,conflation,1,1.0,1.0,nan,0.2483031153678894,0.23525927645883626,0.1288810670375824,0.49830022613670305,,,1.0,1.055444525314331,269,58,58,19
outputs/custom_mujoco_suite/custom_mujoco_halfcheetah__inr_transformer_history_conditioned__single_shift__s0,custom_mujoco_halfcheetah,inr_transformer_history_conditioned,single_shift,0,0.9827586206896551,0.9827586206896551,nan,0.08141416311264038,0.07946491864614467,0.0043030777014791965,0.285331672116224,,,1.0,1.0245296226272582,358,58,58,19
outputs/custom_mujoco_suite/custom_mujoco_halfcheetah__cvae__new_policy__s1,custom_mujoco_halfcheetah,cvae,new_policy,1,0.6666666666666666,1.0,0.5641737580299377,0.20580042898654938,0.20119556259733232,0.03601432219147682,0.45365232170302994,,,1.0,1.0228875146636962,358,117,117,0
outputs/custom_mujoco_suite/custom_mujoco_halfcheetah__inr_diffusion_history_conditioned__specialization__s1,custom_mujoco_halfcheetah,inr_diffusion_history_conditioned,specialization,1,1.0,1.0,nan,0.6894394755363464,0.671272858941681,0.4051057994365692,0.8303249216640113,,,1.0,1.0270629392395019,358,38,38,38
outputs/custom_mujoco_suite/custom_mujoco_halfcheetah__inr_transformer_history_conditioned__novel_generalization__s1,custom_mujoco_halfcheetah,inr_transformer_history_conditioned,novel_generalization,1,0.6581196581196581,0.9871794871794872,2.1324939727783203,0.2412193864583969,0.23929454603433756,0.03567330911755562,0.4911409028561935,,,1.0,1.008043812347412,180,117,117,0
outputs/custom_mujoco_suite/custom_mujoco_walker2d__cvae__novel_generalization__s1,custom_mujoco_walker2d,cvae,novel_generalization,1,0.6666666666666666,1.0,2.441352605819702,0.49101442098617554,0.4636790514135156,0.25872671604156494,0.7007242117881867,,,1.0,1.0589532123336791,180,117,117,0
outputs/custom_mujoco_suite/custom_mujoco_halfcheetah__cvae__single_shift__s0,custom_mujoco_halfcheetah,cvae,single_shift,0,1.0,1.0,nan,0.5147458910942078,0.5024216769586577,0.011685986071825027,0.7174579368117742,,,1.0,1.0245296226272582,358,58,58,19
outputs/custom_mujoco_suite/custom_mujoco_walker2d__inr_transformer_fitted_latent__single_shift__s0,custom_mujoco_walker2d,inr_transformer_fitted_latent,single_shift,0,0.6896551724137931,0.6896551724137931,nan,0.20607785880565643,0.1918111357304506,0.06451185792684555,0.45395799233591694,,,1.0,1.0743790136108398,358,58,58,19
outputs/custom_mujoco_suite/custom_mujoco_hopper__cvae__specialization__s0,custom_mujoco_hopper,cvae,specialization,0,1.0,1.0,nan,0.40708398818969727,0.4217484696181356,0.1798328161239624,0.6380313379370148,,,1.0,0.9652293191680908,358,38,38,38
outputs/custom_mujoco_suite/custom_mujoco_walker2d__inr_transformer_history_conditioned__conflation__s1,custom_mujoco_walker2d,inr_transformer_history_conditioned,conflation,1,0.9827586206896551,0.9827586206896551,nan,0.1117786169052124,0.10830545801720597,0.03519369661808014,0.33433309274615997,,,1.0,1.0320681796798705,269,58,58,19
outputs/custom_mujoco_suite/custom_mujoco_ant__inr_transformer_fitted_latent__specialization__s1,custom_mujoco_ant,inr_transformer_fitted_latent,specialization,1,0.6578947368421053,0.6578947368421053,nan,0.2152196317911148,0.21723443644520116,0.13923035562038422,0.46391769937254473,,,1.0,0.9907252059707642,358,38,38,38
outputs/custom_mujoco_suite/custom_mujoco_walker2d__inr_transformer_history_conditioned__generalization__s0,custom_mujoco_walker2d,inr_transformer_history_conditioned,generalization,0,0.9487179487179487,0.9487179487179487,nan,0.18723443150520325,0.1896989738038178,0.06254728138446808,0.4327059411484932,,,1.0,0.9870081411132813,180,78,78,0
outputs/custom_mujoco_suite/custom_mujoco_walker2d__inr_diffusion_history_conditioned__new_policy__s1,custom_mujoco_walker2d,inr_diffusion_history_conditioned,new_policy,1,0.6666666666666666,1.0,5.337723731994629,0.8029600977897644,0.7342616000336698,0.47000062465667725,0.8960804081050787,,,1.0,1.0935613380203246,358,117,117,0
outputs/custom_mujoco_suite/custom_mujoco_halfcheetah__inr_diffusion_history_conditioned__new_policy__s0,custom_mujoco_halfcheetah,inr_diffusion_history_conditioned,new_policy,0,0.6666666666666666,1.0,3.4357032775878906,0.5537405014038086,0.5425636219852744,0.3568529784679413,0.7441374210478926,,,1.0,1.0206001268157958,358,117,117,0
outputs/custom_mujoco_suite/custom_mujoco_halfcheetah__inr_transformer_fitted_latent__single_shift__s1,custom_mujoco_halfcheetah,inr_transformer_fitted_latent,single_shift,1,0.6724137931034483,0.6724137931034483,nan,0.07550976425409317,0.07373752507298215,0.005634463857859373,0.2747904005857795,,,1.0,1.0240344272384643,358,58,58,19
outputs/custom_mujoco_suite/custom_mujoco_walker2d__inr_transformer_history_conditioned__new_policy__s0,custom_mujoco_walker2d,inr_transformer_history_conditioned,new_policy,0,0.6581196581196581,0.9871794871794872,5.492067813873291,0.34950050711631775,0.30627010342788247,0.07617668062448502,0.5911856790521213,,,1.0,1.1411512361297607,358,117,117,0
outputs/custom_mujoco_suite/custom_mujoco_hopper__inr_diffusion_history_conditioned__new_policy__s1,custom_mujoco_hopper,inr_diffusion_history_conditioned,new_policy,1,0.6495726495726496,0.9743589743589743,5.623585224151611,1.0282807350158691,0.823066241635471,0.44633185863494873,1.0140417816914,,,1.0,1.2493292556533813,358,117,117,0
outputs/custom_mujoco_suite/custom_mujoco_humanoid__inr_transformer_fitted_latent__novel_generalization__s0,custom_mujoco_humanoid,inr_transformer_fitted_latent,novel_generalization,0,0.3333333333333333,0.5,0.03625897690653801,0.5975977182388306,0.5350699732761919,0.31017008423805237,0.7730444477769894,,,1.0,1.1168590055236816,180,117,117,0
outputs/custom_mujoco_suite/custom_mujoco_hopper__inr_diffusion_history_conditioned__generalization__s1,custom_mujoco_hopper,inr_diffusion_history_conditioned,generalization,1,1.0,1.0,nan,0.9733474254608154,0.9832684939932624,0.4236729145050049,0.9865837143703596,,,1.0,0.9899101124534607,180,78,78,0
outputs/custom_mujoco_suite/custom_mujoco_hopper__cvae__conflation__s1,custom_mujoco_hopper,cvae,conflation,1,1.0,1.0,nan,0.25501149892807007,0.26148509614949056,0.12201723456382751,0.5049866324251268,,,1.0,0.9752429590950012,269,58,58,19
outputs/custom_mujoco_suite/custom_mujoco_ant__inr_transformer_fitted_latent__no_shift__s0,custom_mujoco_ant,inr_transformer_fitted_latent,no_shift,0,0.5256410256410257,0.5256410256410257,nan,0.2187746912240982,0.2211728269198182,0.13791024684906006,0.46773356863079457,,,1.0,0.989157186580658,358,78,78,0
outputs/custom_mujoco_suite/custom_mujoco_ant__inr_transformer_history_conditioned__single_shift__s0,custom_mujoco_ant,inr_transformer_history_conditioned,single_shift,0,1.0,1.0,nan,0.10206558555364609,0.10165881750405392,0.05179595574736595,0.31947705012042116,,,1.0,1.0040013061294555,358,58,58,19
