run_dir,data,model,experiment,seed,probe_acc,probe_acc_seen,knn_acc1,knn_acc5,novel_mean_embed_dist,gen_mse,gen_nmse,gen_median_se,gen_rmse,gen_acc,gen_nll,finite_fraction,target_var,n_train_episodes,n_test_episodes,n_test_episodes_used,n_test_ood
/mnt/data/INR/outputs/mujoco/suites/action_resampled_v4_hopper10x/runs/custom_mujoco_action_resampled_v5/custom_mujoco_action_resampled_v5_hopper__inr_transformer_fitted_latent__conflation__s1,custom_mujoco_action_resampled_v5_hopper,inr_transformer_fitted_latent,conflation,1,1.0,1.0,1.0,1.0,nan,0.2732385993003845,0.25589345349252246,0.14463816583156586,0.5227222965403183,,,1.0,1.0677826867828368,269,58,58,19
/mnt/data/INR/outputs/mujoco/suites/action_resampled_v4_hopper10x/runs/custom_mujoco_action_resampled_v5/custom_mujoco_action_resampled_v5_hopper__inr_transformer_history_conditioned__conflation__s1,custom_mujoco_action_resampled_v5_hopper,inr_transformer_history_conditioned,conflation,1,1.0,1.0,1.0,1.0,nan,0.13181328773498535,0.1234457997555014,0.05347861722111702,0.36306099726490226,,,1.0,1.0677826867828368,269,58,58,19
/mnt/data/INR/outputs/mujoco/suites/action_resampled_v4_hopper10x/runs/custom_mujoco_action_resampled_v5/custom_mujoco_action_resampled_v5_halfcheetah__cvae__conflation__s0,custom_mujoco_action_resampled_v5_halfcheetah,cvae,conflation,0,1.0,1.0,1.0,1.0,nan,0.13277271389961243,0.13105628859758295,0.05169617012143135,0.364379903259788,,,1.0,1.0130968557128905,269,58,58,19
/mnt/data/INR/outputs/mujoco/suites/action_resampled_v4_hopper10x/runs/custom_mujoco_action_resampled_v5/custom_mujoco_action_resampled_v5_hopper__inr_diffusion_history_conditioned__conflation__s1,custom_mujoco_action_resampled_v5_hopper,inr_diffusion_history_conditioned,conflation,1,1.0,1.0,1.0,1.0,nan,0.6053804755210876,0.5669510126119965,0.3071939945220947,0.7780619997924894,,,1.0,1.0677826867828368,269,58,58,19
/mnt/data/INR/outputs/mujoco/suites/action_resampled_v4_hopper10x/runs/custom_mujoco_action_resampled_v5/custom_mujoco_action_resampled_v5_hopper__inr_diffusion_history_conditioned__new_policy__s1,custom_mujoco_action_resampled_v5_hopper,inr_diffusion_history_conditioned,new_policy,1,0.6666666666666666,1.0,0.9914529914529915,1.0,1.1723947525024414,1.325014352798462,1.1118364412764619,0.9519556164741516,1.1510926777625083,,,1.0,1.191734956336975,358,117,117,0
/mnt/data/INR/outputs/mujoco/suites/action_resampled_v4_hopper10x/runs/custom_mujoco_action_resampled_v5/custom_mujoco_action_resampled_v5_hopper__inr_transformer_history_conditioned__conflation__s0,custom_mujoco_action_resampled_v5_hopper,inr_transformer_history_conditioned,conflation,0,1.0,1.0,1.0,1.0,nan,0.13792771100997925,0.1299424029468799,0.04958891496062279,0.3713862019649885,,,1.0,1.0614526735076903,269,58,58,19
/mnt/data/INR/outputs/mujoco/suites/action_resampled_v4_hopper10x/runs/custom_mujoco_action_resampled_v5/custom_mujoco_action_resampled_v5_hopper__cvae__generalization__s0,custom_mujoco_action_resampled_v5_hopper,cvae,generalization,0,0.7435897435897436,0.7435897435897436,1.0,1.0,nan,0.7626698017120361,1.2281964866174784,0.3738507032394409,0.8733096825937727,,,1.0,0.6209672556648255,180,78,78,0
/mnt/data/INR/outputs/mujoco/suites/action_resampled_v4_hopper10x/runs/custom_mujoco_action_resampled_v5/custom_mujoco_action_resampled_v5_hopper__cvae__generalization__s1,custom_mujoco_action_resampled_v5_hopper,cvae,generalization,1,0.7948717948717948,0.7948717948717948,1.0,1.0,nan,0.8187267780303955,1.3047228334414152,0.4012267291545868,0.9048352214797982,,,1.0,0.6275101171264649,180,78,78,0
/mnt/data/INR/outputs/mujoco/suites/action_resampled_v4_hopper10x/runs/custom_mujoco_action_resampled_v5/custom_mujoco_action_resampled_v5_hopper__inr_transformer_history_conditioned__novel_generalization__s0,custom_mujoco_action_resampled_v5_hopper,inr_transformer_history_conditioned,novel_generalization,0,0.49572649572649574,0.7435897435897436,0.8803418803418803,0.9572649572649573,3.619706869125366,0.898496150970459,1.2365812512081777,0.58781498670578,0.9478903686452663,,,1.0,0.726596938205719,180,117,117,0
/mnt/data/INR/outputs/mujoco/suites/action_resampled_v4_hopper10x/runs/custom_mujoco_action_resampled_v5/custom_mujoco_action_resampled_v5_hopper__inr_transformer_history_conditioned__generalization__s0,custom_mujoco_action_resampled_v5_hopper,inr_transformer_history_conditioned,generalization,0,0.7435897435897436,0.7435897435897436,0.8974358974358975,0.9743589743589743,nan,0.5636786222457886,0.9077429077033989,0.35047173500061035,0.7507853369943959,,,1.0,0.6209672556648255,180,78,78,0
/mnt/data/INR/outputs/mujoco/suites/action_resampled_v4_hopper10x/runs/custom_mujoco_action_resampled_v5/custom_mujoco_action_resampled_v5_hopper__inr_transformer_fitted_latent__no_shift__s0,custom_mujoco_action_resampled_v5_hopper,inr_transformer_fitted_latent,no_shift,0,1.0,1.0,1.0,1.0,nan,0.194689080119133,0.19675599680754163,0.12522780895233154,0.4412358554323674,,,1.0,0.9894950257072449,358,78,78,0
/mnt/data/INR/outputs/mujoco/suites/action_resampled_v4_hopper10x/runs/custom_mujoco_action_resampled_v5/custom_mujoco_action_resampled_v5_hopper__cvae__novel_generalization__s1,custom_mujoco_action_resampled_v5_hopper,cvae,novel_generalization,1,0.5299145299145299,0.7948717948717948,1.0,1.0,0.5657556056976318,1.153510570526123,1.5615445524363107,0.7205682396888733,1.074016094165317,,,1.0,0.7386984692344666,180,117,117,0
/mnt/data/INR/outputs/mujoco/suites/action_resampled_v4_hopper10x/runs/custom_mujoco_action_resampled_v5/custom_mujoco_action_resampled_v5_hopper__cvae__conflation__s1,custom_mujoco_action_resampled_v5_hopper,cvae,conflation,1,1.0,1.0,1.0,1.0,nan,0.14470073580741882,0.13551515453335658,0.05870964005589485,0.38039549919448157,,,1.0,1.0677826867828368,269,58,58,19
/mnt/data/INR/outputs/mujoco/suites/action_resampled_v4_hopper10x/runs/custom_mujoco_action_resampled_v5/custom_mujoco_action_resampled_v5_halfcheetah__cvae__single_shift__s0,custom_mujoco_action_resampled_v5_halfcheetah,cvae,single_shift,0,0.7068965517241379,0.7068965517241379,1.0,1.0,nan,0.22681580483913422,0.22567239512969253,0.06770896166563034,0.47625182922392456,,,1.0,1.0050666795501708,358,58,58,19
/mnt/data/INR/outputs/mujoco/suites/action_resampled_v4_hopper10x/runs/custom_mujoco_action_resampled_v5/custom_mujoco_action_resampled_v5_hopper__inr_transformer_history_conditioned__single_shift__s0,custom_mujoco_action_resampled_v5_hopper,inr_transformer_history_conditioned,single_shift,0,0.6724137931034483,0.6724137931034483,1.0,1.0,nan,0.4594203531742096,0.33234768608147225,0.202982559800148,0.6778055423011895,,,1.0,1.3823485837707519,358,58,58,19
/mnt/data/INR/outputs/mujoco/suites/action_resampled_v4_hopper10x/runs/custom_mujoco_action_resampled_v5/custom_mujoco_action_resampled_v5_hopper__inr_transformer_fitted_latent__generalization__s0,custom_mujoco_action_resampled_v5_hopper,inr_transformer_fitted_latent,generalization,0,0.7307692307692307,0.7307692307692307,1.0,1.0,nan,0.744364857673645,1.1987183718354142,0.49917206168174744,0.862765818558921,,,1.0,0.6209672556648255,180,78,78,0
/mnt/data/INR/outputs/mujoco/suites/action_resampled_v4_hopper10x/runs/custom_mujoco_action_resampled_v5/custom_mujoco_action_resampled_v5_halfcheetah__cvae__single_shift__s1,custom_mujoco_action_resampled_v5_halfcheetah,cvae,single_shift,1,1.0,1.0,1.0,1.0,nan,0.19180569052696228,0.1901915962885199,0.054253965616226196,0.437956265541392,,,1.0,1.0084866748580932,358,58,58,19
/mnt/data/INR/outputs/mujoco/suites/action_resampled_v4_hopper10x/runs/custom_mujoco_action_resampled_v5/custom_mujoco_action_resampled_v5_hopper__inr_transformer_fitted_latent__single_shift__s0,custom_mujoco_action_resampled_v5_hopper,inr_transformer_fitted_latent,single_shift,0,1.0,1.0,1.0,1.0,nan,0.47593429684638977,0.34429398086273044,0.2321212887763977,0.6898799148014021,,,1.0,1.3823485837707519,358,58,58,19
/mnt/data/INR/outputs/mujoco/suites/action_resampled_v4_hopper10x/runs/custom_mujoco_action_resampled_v5/custom_mujoco_action_resampled_v5_hopper__inr_diffusion_history_conditioned__single_shift__s0,custom_mujoco_action_resampled_v5_hopper,inr_diffusion_history_conditioned,single_shift,0,0.7413793103448276,0.7413793103448276,1.0,1.0,nan,1.137111783027649,0.8225940955687535,0.8341823220252991,1.0663544359300283,,,1.0,1.3823485837707519,358,58,58,19
/mnt/data/INR/outputs/mujoco/suites/action_resampled_v4_hopper10x/runs/custom_mujoco_action_resampled_v5/custom_mujoco_action_resampled_v5_hopper__inr_transformer_fitted_latent__single_shift__s1,custom_mujoco_action_resampled_v5_hopper,inr_transformer_fitted_latent,single_shift,1,1.0,1.0,1.0,1.0,nan,0.45518359541893005,0.3257720236600665,0.21428805589675903,0.6746729544149003,,,1.0,1.3972458110580444,358,58,58,19
/mnt/data/INR/outputs/mujoco/suites/action_resampled_v4_hopper10x/runs/custom_mujoco_action_resampled_v5/custom_mujoco_action_resampled_v5_hopper__inr_diffusion_history_conditioned__generalization__s1,custom_mujoco_action_resampled_v5_hopper,inr_diffusion_history_conditioned,generalization,1,0.6153846153846154,0.6153846153846154,0.9871794871794872,1.0,nan,0.6033576130867004,0.9615105742830647,0.3760942220687866,0.7767609755173727,,,1.0,0.6275101171264649,180,78,78,0
/mnt/data/INR/outputs/mujoco/suites/action_resampled_v4_hopper10x/runs/custom_mujoco_action_resampled_v5/custom_mujoco_action_resampled_v5_halfcheetah__cvae__new_policy__s1,custom_mujoco_action_resampled_v5_halfcheetah,cvae,new_policy,1,0.6666666666666666,1.0,0.9829059829059829,1.0,0.15826201438903809,0.21358655393123627,0.21008946431838516,0.09340628981590271,0.46215425339515837,,,1.0,1.0166457162628173,358,117,117,0
/mnt/data/INR/outputs/mujoco/suites/action_resampled_v4_hopper10x/runs/custom_mujoco_action_resampled_v5/custom_mujoco_action_resampled_v5_halfcheetah__cvae__new_policy__s0,custom_mujoco_action_resampled_v5_halfcheetah,cvae,new_policy,0,0.6666666666666666,1.0,1.0,1.0,0.1771916151046753,0.2163608968257904,0.21269724719520403,0.09817547351121902,0.46514610266645295,,,1.0,1.0172247157821654,358,117,117,0
/mnt/data/INR/outputs/mujoco/suites/action_resampled_v4_hopper10x/runs/custom_mujoco_action_resampled_v5/custom_mujoco_action_resampled_v5_hopper__inr_transformer_history_conditioned__specialization__s1,custom_mujoco_action_resampled_v5_hopper,inr_transformer_history_conditioned,specialization,1,0.9736842105263158,0.9736842105263158,1.0,1.0,nan,0.5945615172386169,0.3372426569435787,0.33846065402030945,0.7710781524843101,,,1.0,1.7630080447921752,358,38,38,38
/mnt/data/INR/outputs/mujoco/suites/action_resampled_v4_hopper10x/runs/custom_mujoco_action_resampled_v5/custom_mujoco_action_resampled_v5_hopper__cvae__no_shift__s0,custom_mujoco_action_resampled_v5_hopper,cvae,no_shift,0,1.0,1.0,1.0,1.0,nan,0.20395337045192719,0.2061186414819527,0.13341976702213287,0.451611968897999,,,1.0,0.9894950257072449,358,78,78,0
/mnt/data/INR/outputs/mujoco/suites/action_resampled_v4_hopper10x/runs/custom_mujoco_action_resampled_v5/custom_mujoco_action_resampled_v5_hopper__inr_transformer_history_conditioned__no_shift__s0,custom_mujoco_action_resampled_v5_hopper,inr_transformer_history_conditioned,no_shift,0,1.0,1.0,1.0,1.0,nan,0.17950865626335144,0.1814144099764898,0.11622882634401321,0.423684618865674,,,1.0,0.9894950257072449,358,78,78,0
/mnt/data/INR/outputs/mujoco/suites/action_resampled_v4_hopper10x/runs/custom_mujoco_action_resampled_v5/custom_mujoco_action_resampled_v5_hopper__inr_transformer_fitted_latent__specialization__s0,custom_mujoco_action_resampled_v5_hopper,inr_transformer_fitted_latent,specialization,0,1.0,1.0,1.0,1.0,nan,0.7240966558456421,0.4135086706037135,0.5072010159492493,0.850938691002849,,,1.0,1.7511039243469237,358,38,38,38
/mnt/data/INR/outputs/mujoco/suites/action_resampled_v4_hopper10x/runs/custom_mujoco_action_resampled_v5/custom_mujoco_action_resampled_v5_hopper__inr_transformer_history_conditioned__single_shift__s1,custom_mujoco_action_resampled_v5_hopper,inr_transformer_history_conditioned,single_shift,1,1.0,1.0,1.0,1.0,nan,0.4012003540992737,0.28713655888184086,0.20555634796619415,0.633403784405551,,,1.0,1.3972458110580444,358,58,58,19
/mnt/data/INR/outputs/mujoco/suites/action_resampled_v4_hopper10x/runs/custom_mujoco_action_resampled_v5/custom_mujoco_action_resampled_v5_halfcheetah__cvae__no_shift__s0,custom_mujoco_action_resampled_v5_halfcheetah,cvae,no_shift,0,1.0,1.0,1.0,1.0,nan,0.11013227701187134,0.10974593875175845,0.054697468876838684,0.3318618342200129,,,1.0,1.003520296646118,358,78,78,0
/mnt/data/INR/outputs/mujoco/suites/action_resampled_v4_hopper10x/runs/custom_mujoco_action_resampled_v5/custom_mujoco_action_resampled_v5_hopper__inr_diffusion_history_conditioned__single_shift__s1,custom_mujoco_action_resampled_v5_hopper,inr_diffusion_history_conditioned,single_shift,1,0.7586206896551724,0.7586206896551724,1.0,1.0,nan,1.0864893198013306,0.7775935423836426,0.8058218359947205,1.0423479840251673,,,1.0,1.3972458110580444,358,58,58,19
/mnt/data/INR/outputs/mujoco/suites/action_resampled_v4_hopper10x/runs/custom_mujoco_action_resampled_v5/custom_mujoco_action_resampled_v5_hopper__inr_transformer_history_conditioned__new_policy__s0,custom_mujoco_action_resampled_v5_hopper,inr_transformer_history_conditioned,new_policy,0,0.6666666666666666,1.0,1.0,1.0,3.4335200786590576,0.8493407964706421,0.7296709599002854,0.2871078848838806,0.9215968730798961,,,1.0,1.1640052066574096,358,117,117,0
/mnt/data/INR/outputs/mujoco/suites/action_resampled_v4_hopper10x/runs/custom_mujoco_action_resampled_v5/custom_mujoco_action_resampled_v5_hopper__cvae__specialization__s1,custom_mujoco_action_resampled_v5_hopper,cvae,specialization,1,1.0,1.0,1.0,1.0,nan,0.6895465850830078,0.39111936393023783,0.3561147153377533,0.8303894177330343,,,1.0,1.7630080447921752,358,38,38,38
/mnt/data/INR/outputs/mujoco/suites/action_resampled_v4_hopper10x/runs/custom_mujoco_action_resampled_v5/custom_mujoco_action_resampled_v5_hopper__cvae__conflation__s0,custom_mujoco_action_resampled_v5_hopper,cvae,conflation,0,1.0,1.0,1.0,1.0,nan,0.1455044448375702,0.13708048269051346,0.0635245069861412,0.38145044873164086,,,1.0,1.0614526735076903,269,58,58,19
/mnt/data/INR/outputs/mujoco/suites/action_resampled_v4_hopper10x/runs/custom_mujoco_action_resampled_v5/custom_mujoco_action_resampled_v5_hopper__inr_transformer_history_conditioned__novel_generalization__s1,custom_mujoco_action_resampled_v5_hopper,inr_transformer_history_conditioned,novel_generalization,1,0.42735042735042733,0.6410256410256411,0.9743589743589743,0.9914529914529915,0.20458675920963287,0.8955429792404175,1.2123254839941568,0.6110734343528748,0.9463313263547908,,,1.0,0.7386984692344666,180,117,117,0
/mnt/data/INR/outputs/mujoco/suites/action_resampled_v4_hopper10x/runs/custom_mujoco_action_resampled_v5/custom_mujoco_action_resampled_v5_hopper__inr_diffusion_history_conditioned__specialization__s0,custom_mujoco_action_resampled_v5_hopper,inr_diffusion_history_conditioned,specialization,0,0.5789473684210527,0.5789473684210527,1.0,1.0,nan,1.3006742000579834,0.7427738479559809,0.9920830726623535,1.140471043059833,,,1.0,1.7511039243469237,358,38,38,38
/mnt/data/INR/outputs/mujoco/suites/action_resampled_v4_hopper10x/runs/custom_mujoco_action_resampled_v5/custom_mujoco_action_resampled_v5_halfcheetah__cvae__conflation__s1,custom_mujoco_action_resampled_v5_halfcheetah,cvae,conflation,1,1.0,1.0,1.0,1.0,nan,0.1586933434009552,0.15615675466716575,0.06327737867832184,0.3983633308939908,,,1.0,1.0162438617477416,269,58,58,19
/mnt/data/INR/outputs/mujoco/suites/action_resampled_v4_hopper10x/runs/custom_mujoco_action_resampled_v5/custom_mujoco_action_resampled_v5_hopper__inr_transformer_fitted_latent__novel_generalization__s1,custom_mujoco_action_resampled_v5_hopper,inr_transformer_fitted_latent,novel_generalization,1,0.5213675213675214,0.782051282051282,0.9829059829059829,1.0,0.007612005341798067,0.9230726957321167,1.2495933512475288,0.6623113751411438,0.9607667228480161,,,1.0,0.7386984692344666,180,117,117,0
/mnt/data/INR/outputs/mujoco/suites/action_resampled_v4_hopper10x/runs/custom_mujoco_action_resampled_v5/custom_mujoco_action_resampled_v5_hopper__inr_transformer_fitted_latent__new_policy__s0,custom_mujoco_action_resampled_v5_hopper,inr_transformer_fitted_latent,new_policy,0,0.6666666666666666,1.0,1.0,1.0,0.002760344883427024,0.8466997742652893,0.7274020506288769,0.3009488582611084,0.9201629063732624,,,1.0,1.1640052066574096,358,117,117,0
/mnt/data/INR/outputs/mujoco/suites/action_resampled_v4_hopper10x/runs/custom_mujoco_action_resampled_v5/custom_mujoco_action_resampled_v5_hopper__cvae__novel_generalization__s0,custom_mujoco_action_resampled_v5_hopper,cvae,novel_generalization,0,0.49572649572649574,0.7435897435897436,1.0,1.0,0.3413579761981964,1.0738774538040161,1.477954829338921,0.6542840003967285,1.0362805864262903,,,1.0,0.726596938205719,180,117,117,0
/mnt/data/INR/outputs/mujoco/suites/action_resampled_v4_hopper10x/runs/custom_mujoco_action_resampled_v5/custom_mujoco_action_resampled_v5_hopper__inr_transformer_fitted_latent__conflation__s0,custom_mujoco_action_resampled_v5_hopper,inr_transformer_fitted_latent,conflation,0,1.0,1.0,1.0,1.0,nan,0.2665614187717438,0.2511288778338665,0.1672123223543167,0.5162958636012338,,,1.0,1.0614526735076903,269,58,58,19
/mnt/data/INR/outputs/mujoco/suites/action_resampled_v4_hopper10x/runs/custom_mujoco_action_resampled_v5/custom_mujoco_action_resampled_v5_halfcheetah__cvae__no_shift__s1,custom_mujoco_action_resampled_v5_halfcheetah,cvae,no_shift,1,1.0,1.0,1.0,1.0,nan,0.10594937950372696,0.10531395866681928,0.053376734256744385,0.32549866282939927,,,1.0,1.0060335860977172,358,78,78,0
/mnt/data/INR/outputs/mujoco/suites/action_resampled_v4_hopper10x/runs/custom_mujoco_action_resampled_v5/custom_mujoco_action_resampled_v5_hopper__inr_transformer_fitted_latent__novel_generalization__s0,custom_mujoco_action_resampled_v5_hopper,inr_transformer_fitted_latent,novel_generalization,0,0.48717948717948717,0.7307692307692307,0.9914529914529915,1.0,0.007211123593151569,0.9326266646385193,1.2835543553783428,0.6657361388206482,0.9657259780281978,,,1.0,0.726596938205719,180,117,117,0
/mnt/data/INR/outputs/mujoco/suites/action_resampled_v4_hopper10x/runs/custom_mujoco_action_resampled_v5/custom_mujoco_action_resampled_v5_hopper__inr_transformer_history_conditioned__generalization__s1,custom_mujoco_action_resampled_v5_hopper,inr_transformer_history_conditioned,generalization,1,0.6410256410256411,0.6410256410256411,0.9871794871794872,0.9871794871794872,nan,0.5838180184364319,0.9303722800675936,0.35663607716560364,0.764079850824789,,,1.0,0.6275101171264649,180,78,78,0
/mnt/data/INR/outputs/mujoco/suites/action_resampled_v4_hopper10x/runs/custom_mujoco_action_resampled_v5/custom_mujoco_action_resampled_v5_hopper__cvae__new_policy__s1,custom_mujoco_action_resampled_v5_hopper,cvae,new_policy,1,0.6666666666666666,1.0,1.0,1.0,1.784018635749817,1.052473783493042,0.8831441738757259,0.37548089027404785,1.0259014492109084,,,1.0,1.191734956336975,358,117,117,0
/mnt/data/INR/outputs/mujoco/suites/action_resampled_v4_hopper10x/runs/custom_mujoco_action_resampled_v5/custom_mujoco_action_resampled_v5_hopper__inr_diffusion_history_conditioned__generalization__s0,custom_mujoco_action_resampled_v5_hopper,inr_diffusion_history_conditioned,generalization,0,0.5512820512820513,0.5512820512820513,1.0,1.0,nan,0.6280512809753418,1.0114080496932676,0.408764511346817,0.792496864962469,,,1.0,0.6209672556648255,180,78,78,0
/mnt/data/INR/outputs/mujoco/suites/action_resampled_v4_hopper10x/runs/custom_mujoco_action_resampled_v5/custom_mujoco_action_resampled_v5_hopper__inr_transformer_fitted_latent__generalization__s1,custom_mujoco_action_resampled_v5_hopper,inr_transformer_fitted_latent,generalization,1,0.782051282051282,0.782051282051282,1.0,1.0,nan,0.7000394463539124,1.115582724880323,0.4631086587905884,0.8366835999073439,,,1.0,0.6275101171264649,180,78,78,0
/mnt/data/INR/outputs/mujoco/suites/action_resampled_v4_hopper10x/runs/custom_mujoco_action_resampled_v5/custom_mujoco_action_resampled_v5_hopper__inr_transformer_history_conditioned__no_shift__s1,custom_mujoco_action_resampled_v5_hopper,inr_transformer_history_conditioned,no_shift,1,1.0,1.0,1.0,1.0,nan,0.17616763710975647,0.1749735854985713,0.11205515265464783,0.41972328635632844,,,1.0,1.006824182106018,358,78,78,0
/mnt/data/INR/outputs/mujoco/suites/action_resampled_v4_hopper10x/runs/custom_mujoco_action_resampled_v5/custom_mujoco_action_resampled_v5_hopper__cvae__new_policy__s0,custom_mujoco_action_resampled_v5_hopper,cvae,new_policy,0,0.6666666666666666,1.0,1.0,1.0,2.129810333251953,1.0277942419052124,0.8829807942669393,0.3222038745880127,1.013801875074816,,,1.0,1.1640052066574096,358,117,117,0
/mnt/data/INR/outputs/mujoco/suites/action_resampled_v4_hopper10x/runs/custom_mujoco_action_resampled_v5/custom_mujoco_action_resampled_v5_hopper__inr_transformer_fitted_latent__specialization__s1,custom_mujoco_action_resampled_v5_hopper,inr_transformer_fitted_latent,specialization,1,1.0,1.0,1.0,1.0,nan,0.666394829750061,0.37798740154280813,0.3102659285068512,0.8163300985202377,,,1.0,1.7630080447921752,358,38,38,38
/mnt/data/INR/outputs/mujoco/suites/action_resampled_v4_hopper10x/runs/custom_mujoco_action_resampled_v5/custom_mujoco_action_resampled_v5_hopper__cvae__specialization__s0,custom_mujoco_action_resampled_v5_hopper,cvae,specialization,0,0.5,0.5,1.0,1.0,nan,0.6415492296218872,0.3663684494688993,0.309196412563324,0.800967683256876,,,1.0,1.7511039243469237,358,38,38,38
/mnt/data/INR/outputs/mujoco/suites/action_resampled_v4_hopper10x/runs/custom_mujoco_action_resampled_v5/custom_mujoco_action_resampled_v5_hopper__inr_transformer_fitted_latent__new_policy__s1,custom_mujoco_action_resampled_v5_hopper,inr_transformer_fitted_latent,new_policy,1,0.6666666666666666,1.0,1.0,1.0,0.0028903610073029995,0.9556002020835876,0.8018563162910043,0.32596510648727417,0.9775480561504829,,,1.0,1.191734956336975,358,117,117,0
/mnt/data/INR/outputs/mujoco/suites/action_resampled_v4_hopper10x/runs/custom_mujoco_action_resampled_v5/custom_mujoco_action_resampled_v5_hopper__cvae__single_shift__s0,custom_mujoco_action_resampled_v5_hopper,cvae,single_shift,0,0.6724137931034483,0.6724137931034483,1.0,1.0,nan,0.47476911544799805,0.34345108102395505,0.21541659533977509,0.689034915986119,,,1.0,1.3823485837707519,358,58,58,19
/mnt/data/INR/outputs/mujoco/suites/action_resampled_v4_hopper10x/runs/custom_mujoco_action_resampled_v5/custom_mujoco_action_resampled_v5_hopper__inr_diffusion_history_conditioned__new_policy__s0,custom_mujoco_action_resampled_v5_hopper,inr_diffusion_history_conditioned,new_policy,0,0.6666666666666666,1.0,1.0,1.0,0.9065200686454773,1.292616367340088,1.1104901936409732,0.9165849685668945,1.1369328772359817,,,1.0,1.1640052066574096,358,117,117,0
/mnt/data/INR/outputs/mujoco/suites/action_resampled_v4_hopper10x/runs/custom_mujoco_action_resampled_v5/custom_mujoco_action_resampled_v5_hopper__inr_diffusion_history_conditioned__specialization__s1,custom_mujoco_action_resampled_v5_hopper,inr_diffusion_history_conditioned,specialization,1,0.631578947368421,0.631578947368421,1.0,1.0,nan,1.2641550302505493,0.7170443912520937,0.950989305973053,1.1243464903002762,,,1.0,1.7630080447921752,358,38,38,38
/mnt/data/INR/outputs/mujoco/suites/action_resampled_v4_hopper10x/runs/custom_mujoco_action_resampled_v5/custom_mujoco_action_resampled_v5_hopper__inr_diffusion_history_conditioned__novel_generalization__s0,custom_mujoco_action_resampled_v5_hopper,inr_diffusion_history_conditioned,novel_generalization,0,0.36752136752136755,0.5512820512820513,0.9914529914529915,1.0,0.08889298886060715,0.8503103852272034,1.1702642008470145,0.5834669470787048,0.9221227603888776,,,1.0,0.726596938205719,180,117,117,0
/mnt/data/INR/outputs/mujoco/suites/action_resampled_v4_hopper10x/runs/custom_mujoco_action_resampled_v5/custom_mujoco_action_resampled_v5_hopper__inr_transformer_history_conditioned__new_policy__s1,custom_mujoco_action_resampled_v5_hopper,inr_transformer_history_conditioned,new_policy,1,0.6666666666666666,1.0,1.0,1.0,2.7403130531311035,0.9848683476448059,0.8264155904866523,0.3170246183872223,0.9924053343492295,,,1.0,1.191734956336975,358,117,117,0
/mnt/data/INR/outputs/mujoco/suites/action_resampled_v4_hopper10x/runs/custom_mujoco_action_resampled_v5/custom_mujoco_action_resampled_v5_hopper__inr_transformer_fitted_latent__no_shift__s1,custom_mujoco_action_resampled_v5_hopper,inr_transformer_fitted_latent,no_shift,1,1.0,1.0,1.0,1.0,nan,0.19286322593688965,0.19155601282189036,0.1226666048169136,0.4391619586631903,,,1.0,1.006824182106018,358,78,78,0
/mnt/data/INR/outputs/mujoco/suites/action_resampled_v4_hopper10x/runs/custom_mujoco_action_resampled_v5/custom_mujoco_action_resampled_v5_hopper__inr_diffusion_history_conditioned__no_shift__s1,custom_mujoco_action_resampled_v5_hopper,inr_diffusion_history_conditioned,no_shift,1,1.0,1.0,1.0,1.0,nan,0.893218457698822,0.8871642870460641,0.6218329668045044,0.9451023530278728,,,1.0,1.006824182106018,358,78,78,0
/mnt/data/INR/outputs/mujoco/suites/action_resampled_v4_hopper10x/runs/custom_mujoco_action_resampled_v5/custom_mujoco_action_resampled_v5_hopper__inr_transformer_history_conditioned__specialization__s0,custom_mujoco_action_resampled_v5_hopper,inr_transformer_history_conditioned,specialization,0,0.5,0.5,1.0,1.0,nan,0.6601846218109131,0.3770105318318727,0.3096446096897125,0.8125174593883586,,,1.0,1.7511039243469237,358,38,38,38
/mnt/data/INR/outputs/mujoco/suites/action_resampled_v4_hopper10x/runs/custom_mujoco_action_resampled_v5/custom_mujoco_action_resampled_v5_hopper__inr_diffusion_history_conditioned__novel_generalization__s1,custom_mujoco_action_resampled_v5_hopper,inr_diffusion_history_conditioned,novel_generalization,1,0.41025641025641024,0.6153846153846154,0.9829059829059829,0.9914529914529915,0.10608852654695511,0.8780522346496582,1.1886476975640787,0.5863752365112305,0.9370444144487806,,,1.0,0.7386984692344666,180,117,117,0
/mnt/data/INR/outputs/mujoco/suites/action_resampled_v4_hopper10x/runs/custom_mujoco_action_resampled_v5/custom_mujoco_action_resampled_v5_hopper__inr_diffusion_history_conditioned__no_shift__s0,custom_mujoco_action_resampled_v5_hopper,inr_diffusion_history_conditioned,no_shift,0,1.0,1.0,1.0,1.0,nan,0.8930671215057373,0.9025483689192015,0.6249887943267822,0.9450222862481801,,,1.0,0.9894950257072449,358,78,78,0
/mnt/data/INR/outputs/mujoco/suites/action_resampled_v4_hopper10x/runs/custom_mujoco_action_resampled_v5/custom_mujoco_action_resampled_v5_hopper__inr_diffusion_history_conditioned__conflation__s0,custom_mujoco_action_resampled_v5_hopper,inr_diffusion_history_conditioned,conflation,0,1.0,1.0,1.0,1.0,nan,0.5759749412536621,0.5426289420425009,0.28951868414878845,0.7589301293621582,,,1.0,1.0614526735076903,269,58,58,19
/mnt/data/INR/outputs/mujoco/suites/action_resampled_v4_hopper10x/runs/custom_mujoco_action_resampled_v5/custom_mujoco_action_resampled_v5_hopper__cvae__no_shift__s1,custom_mujoco_action_resampled_v5_hopper,cvae,no_shift,1,1.0,1.0,1.0,1.0,nan,0.23280110955238342,0.231223200326221,0.146159827709198,0.48249467308187294,,,1.0,1.006824182106018,358,78,78,0
/mnt/data/INR/outputs/mujoco/suites/action_resampled_v4_hopper10x/runs/custom_mujoco_action_resampled_v5/custom_mujoco_action_resampled_v5_hopper__cvae__single_shift__s1,custom_mujoco_action_resampled_v5_hopper,cvae,single_shift,1,1.0,1.0,1.0,1.0,nan,0.4227901101112366,0.30258821086826865,0.21396629512310028,0.6502231233286283,,,1.0,1.3972458110580444,358,58,58,19
